window,long_thr,short_thr,train_start,test_start,test_end,n_factors,sharpe,mdd,winrate,n_trades,n_bars
0,0.55,0.45,2024-01-01 00:00:00+00:00,2024-03-31 00:00:00+00:00,2024-04-29 23:00:00+00:00,49,0.6275161628789002,-0.10883479456505685,0.36363636363636365,25,715
0,0.55,0.4,2024-01-01 00:00:00+00:00,2024-03-31 00:00:00+00:00,2024-04-29 23:00:00+00:00,49,0.986985235858592,-0.08905936405490278,0.3118881118881119,11,715
0,0.55,0.35,2024-01-01 00:00:00+00:00,2024-03-31 00:00:00+00:00,2024-04-29 23:00:00+00:00,49,0.8966547937032372,-0.08331133463744356,0.2727272727272727,3,715
0,0.55,0.3,2024-01-01 00:00:00+00:00,2024-03-31 00:00:00+00:00,2024-04-29 23:00:00+00:00,49,0.8041221497974829,-0.08462644655059925,0.2545454545454545,1,715
0,0.55,0.25,2024-01-01 00:00:00+00:00,2024-03-31 00:00:00+00:00,2024-04-29 23:00:00+00:00,49,0.5821290206699388,-0.07643483179007271,0.24895104895104894,0,715
0,0.6,0.45,2024-01-01 00:00:00+00:00,2024-03-31 00:00:00+00:00,2024-04-29 23:00:00+00:00,49,0.48467579881241507,-0.12338294739240985,0.2755244755244755,7,715
0,0.6,0.4,2024-01-01 00:00:00+00:00,2024-03-31 00:00:00+00:00,2024-04-29 23:00:00+00:00,49,0.8438676296564414,-0.11509022438786387,0.22377622377622378,4,715
0,0.6,0.35,2024-01-01 00:00:00+00:00,2024-03-31 00:00:00+00:00,2024-04-29 23:00:00+00:00,49,0.6845581083770109,-0.10536736157500282,0.18461538461538463,2,715
0,0.6,0.3,2024-01-01 00:00:00+00:00,2024-03-31 00:00:00+00:00,2024-04-29 23:00:00+00:00,49,0.5654287422560269,-0.1005536201857864,0.16643356643356644,0,715
0,0.6,0.25,2024-01-01 00:00:00+00:00,2024-03-31 00:00:00+00:00,2024-04-29 23:00:00+00:00,49,0.24886958452052504,-0.09236200542525985,0.16083916083916083,0,715
0,0.65,0.45,2024-01-01 00:00:00+00:00,2024-03-31 00:00:00+00:00,2024-04-29 23:00:00+00:00,49,0.9919026841444525,-0.06960434652643166,0.2153846153846154,2,715
0,0.65,0.4,2024-01-01 00:00:00+00:00,2024-03-31 00:00:00+00:00,2024-04-29 23:00:00+00:00,49,1.5532290478532251,-0.04827722618324781,0.16363636363636364,2,715
0,0.65,0.35,2024-01-01 00:00:00+00:00,2024-03-31 00:00:00+00:00,2024-04-29 23:00:00+00:00,49,1.4176076509679305,-0.03249925248865093,0.12447552447552447,1,715
0,0.65,0.3,2024-01-01 00:00:00+00:00,2024-03-31 00:00:00+00:00,2024-04-29 23:00:00+00:00,49,1.2894367961827993,-0.03364898185633747,0.1062937062937063,0,715
0,0.65,0.25,2024-01-01 00:00:00+00:00,2024-03-31 00:00:00+00:00,2024-04-29 23:00:00+00:00,49,1.0706197716776507,-0.03249925248865093,0.1006993006993007,0,715
0,0.7,0.45,2024-01-01 00:00:00+00:00,2024-03-31 00:00:00+00:00,2024-04-29 23:00:00+00:00,49,0.8143308742602938,-0.07385418533479482,0.17062937062937064,0,715
0,0.7,0.4,2024-01-01 00:00:00+00:00,2024-03-31 00:00:00+00:00,2024-04-29 23:00:00+00:00,49,1.4023902333598877,-0.03323798806253253,0.11888111888111888,0,715
0,0.7,0.35,2024-01-01 00:00:00+00:00,2024-03-31 00:00:00+00:00,2024-04-29 23:00:00+00:00,49,1.2393302455326185,-0.02803458985711549,0.07972027972027972,0,715
0,0.7,0.3,2024-01-01 00:00:00+00:00,2024-03-31 00:00:00+00:00,2024-04-29 23:00:00+00:00,49,1.0807610477031615,-0.028870689278755024,0.06153846153846154,0,715
0,0.7,0.25,2024-01-01 00:00:00+00:00,2024-03-31 00:00:00+00:00,2024-04-29 23:00:00+00:00,49,0.8038023994709612,-0.02803458985711549,0.055944055944055944,0,715
0,0.75,0.45,2024-01-01 00:00:00+00:00,2024-03-31 00:00:00+00:00,2024-04-29 23:00:00+00:00,49,0.8290048806691916,-0.06865841829676733,0.14125874125874127,0,715
0,0.75,0.4,2024-01-01 00:00:00+00:00,2024-03-31 00:00:00+00:00,2024-04-29 23:00:00+00:00,49,1.4729371782387077,-0.03323798806253253,0.08951048951048951,0,715
0,0.75,0.35,2024-01-01 00:00:00+00:00,2024-03-31 00:00:00+00:00,2024-04-29 23:00:00+00:00,49,1.3179130176833542,-0.022854043752619457,0.05034965034965035,0,715
0,0.75,0.3,2024-01-01 00:00:00+00:00,2024-03-31 00:00:00+00:00,2024-04-29 23:00:00+00:00,49,1.1560536341013299,-0.022854043752619457,0.032167832167832165,0,715
0,0.75,0.25,2024-01-01 00:00:00+00:00,2024-03-31 00:00:00+00:00,2024-04-29 23:00:00+00:00,49,0.9393077469613736,-0.020909376394691592,0.026573426573426574,0,715
1,0.55,0.45,2024-01-31 00:00:00+00:00,2024-04-30 00:00:00+00:00,2024-05-29 23:00:00+00:00,49,0.15025675850145523,-0.06370032716141627,0.33751743375174337,26,717
1,0.55,0.4,2024-01-31 00:00:00+00:00,2024-04-30 00:00:00+00:00,2024-05-29 23:00:00+00:00,49,0.1298048937337848,-0.06370032716141627,0.2859135285913529,11,717
1,0.55,0.35,2024-01-31 00:00:00+00:00,2024-04-30 00:00:00+00:00,2024-05-29 23:00:00+00:00,49,0.508331743977564,-0.06370032716141627,0.25383542538354253,4,717
1,0.55,0.3,2024-01-31 00:00:00+00:00,2024-04-30 00:00:00+00:00,2024-05-29 23:00:00+00:00,49,0.38073940908095993,-0.06466273640919185,0.22594142259414227,1,717
1,0.55,0.25,2024-01-31 00:00:00+00:00,2024-04-30 00:00:00+00:00,2024-05-29 23:00:00+00:00,49,0.2458734971611402,-0.07296038729993737,0.2217573221757322,0,717
1,0.6,0.45,2024-01-31 00:00:00+00:00,2024-04-30 00:00:00+00:00,2024-05-29 23:00:00+00:00,49,0.9894854894575967,-0.06686094709167256,0.2594142259414226,7,717
1,0.6,0.4,2024-01-31 00:00:00+00:00,2024-04-30 00:00:00+00:00,2024-05-29 23:00:00+00:00,49,0.950167025855779,-0.06370032716141627,0.20781032078103207,3,717
1,0.6,0.35,2024-01-31 00:00:00+00:00,2024-04-30 00:00:00+00:00,2024-05-29 23:00:00+00:00,49,1.4720468501079393,-0.06370032716141627,0.17573221757322174,2,717
1,0.6,0.3,2024-01-31 00:00:00+00:00,2024-04-30 00:00:00+00:00,2024-05-29 23:00:00+00:00,49,1.329865314825066,-0.06370032716141627,0.14783821478382148,0,717
1,0.6,0.25,2024-01-31 00:00:00+00:00,2024-04-30 00:00:00+00:00,2024-05-29 23:00:00+00:00,49,1.1713077674739236,-0.06370032716141627,0.14365411436541142,0,717
1,0.65,0.45,2024-01-31 00:00:00+00:00,2024-04-30 00:00:00+00:00,2024-05-29 23:00:00+00:00,49,1.395001231795475,-0.07215416900187166,0.22315202231520223,4,717
1,0.65,0.4,2024-01-31 00:00:00+00:00,2024-04-30 00:00:00+00:00,2024-05-29 23:00:00+00:00,49,1.4038550703886112,-0.05514014954360402,0.17154811715481172,1,717
1,0.65,0.35,2024-01-31 00:00:00+00:00,2024-04-30 00:00:00+00:00,2024-05-29 23:00:00+00:00,49,2.009828602482247,-0.04078995263696028,0.1394700139470014,1,717
1,0.65,0.3,2024-01-31 00:00:00+00:00,2024-04-30 00:00:00+00:00,2024-05-29 23:00:00+00:00,49,1.8765388558335685,-0.04078995263696028,0.11157601115760112,0,717
1,0.65,0.25,2024-01-31 00:00:00+00:00,2024-04-30 00:00:00+00:00,2024-05-29 23:00:00+00:00,49,1.7378590815132269,-0.04078995263696028,0.10739191073919108,0,717
1,0.7,0.45,2024-01-31 00:00:00+00:00,2024-04-30 00:00:00+00:00,2024-05-29 23:00:00+00:00,49,1.9248541780351793,-0.07721779400590156,0.19246861924686193,1,717
1,0.7,0.4,2024-01-31 00:00:00+00:00,2024-04-30 00:00:00+00:00,2024-05-29 23:00:00+00:00,49,2.0527368799316306,-0.060203774547633926,0.14086471408647142,0,717
1,0.7,0.35,2024-01-31 00:00:00+00:00,2024-04-30 00:00:00+00:00,2024-05-29 23:00:00+00:00,49,2.960284542389568,-0.019807892643716296,0.1087866108786611,0,717
1,0.7,0.3,2024-01-31 00:00:00+00:00,2024-04-30 00:00:00+00:00,2024-05-29 23:00:00+00:00,49,2.899657234589912,-0.024429739797950045,0.08089260808926081,0,717
1,0.7,0.25,2024-01-31 00:00:00+00:00,2024-04-30 00:00:00+00:00,2024-05-29 23:00:00+00:00,49,2.868428974103221,-0.019583205345625965,0.07670850767085077,0,717
1,0.75,0.45,2024-01-31 00:00:00+00:00,2024-04-30 00:00:00+00:00,2024-05-29 23:00:00+00:00,49,1.6426335250567425,-0.07638482600231244,0.1589958158995816,0,717
1,0.75,0.4,2024-01-31 00:00:00+00:00,2024-04-30 00:00:00+00:00,2024-05-29 23:00:00+00:00,49,1.7335703565547624,-0.05634937173551857,0.10739191073919108,0,717
1,0.75,0.35,2024-01-31 00:00:00+00:00,2024-04-30 00:00:00+00:00,2024-05-29 23:00:00+00:00,49,2.7271112372917483,-0.012507212895443098,0.07531380753138076,0,717
1,0.75,0.3,2024-01-31 00:00:00+00:00,2024-04-30 00:00:00+00:00,2024-05-29 23:00:00+00:00,49,2.6726973968423358,-0.010655171123057028,0.04741980474198047,0,717
1,0.75,0.25,2024-01-31 00:00:00+00:00,2024-04-30 00:00:00+00:00,2024-05-29 23:00:00+00:00,49,2.665671465805135,-0.009443485689599851,0.043235704323570434,0,717
2,0.55,0.45,2024-03-01 00:00:00+00:00,2024-05-30 00:00:00+00:00,2024-06-28 23:00:00+00:00,49,-0.619673422956845,-0.09263386344535107,0.3713490959666203,16,719
2,0.55,0.4,2024-03-01 00:00:00+00:00,2024-05-30 00:00:00+00:00,2024-06-28 23:00:00+00:00,49,-0.39469674591088627,-0.099715603302438,0.32684283727399166,5,719
2,0.55,0.35,2024-03-01 00:00:00+00:00,2024-05-30 00:00:00+00:00,2024-06-28 23:00:00+00:00,49,-0.4962235738149023,-0.1116198265415781,0.29346314325452016,2,719
2,0.55,0.3,2024-03-01 00:00:00+00:00,2024-05-30 00:00:00+00:00,2024-06-28 23:00:00+00:00,49,-0.5745993247482051,-0.11374688420141854,0.26842837273991654,0,719
2,0.55,0.25,2024-03-01 00:00:00+00:00,2024-05-30 00:00:00+00:00,2024-06-28 23:00:00+00:00,49,-0.7596530347428861,-0.11648640120638232,0.2573018080667594,0,719
2,0.6,0.45,2024-03-01 00:00:00+00:00,2024-05-30 00:00:00+00:00,2024-06-28 23:00:00+00:00,49,-0.3088921382656811,-0.0881219783347661,0.31710709318497915,8,719
2,0.6,0.4,2024-03-01 00:00:00+00:00,2024-05-30 00:00:00+00:00,2024-06-28 23:00:00+00:00,49,-0.09089661559396935,-0.09783985740909573,0.2726008344923505,2,719
2,0.6,0.35,2024-03-01 00:00:00+00:00,2024-05-30 00:00:00+00:00,2024-06-28 23:00:00+00:00,49,-0.2105311414142075,-0.10256085406946047,0.23922114047287898,1,719
2,0.6,0.3,2024-03-01 00:00:00+00:00,2024-05-30 00:00:00+00:00,2024-06-28 23:00:00+00:00,49,-0.30022316346460975,-0.10250008932204357,0.2141863699582754,0,719
2,0.6,0.25,2024-03-01 00:00:00+00:00,2024-05-30 00:00:00+00:00,2024-06-28 23:00:00+00:00,49,-0.5025040452258647,-0.1038156600924659,0.20305980528511822,0,719
2,0.65,0.45,2024-03-01 00:00:00+00:00,2024-05-30 00:00:00+00:00,2024-06-28 23:00:00+00:00,49,0.20938887785750546,-0.0820112868144276,0.2865090403337969,4,719
2,0.65,0.4,2024-03-01 00:00:00+00:00,2024-05-30 00:00:00+00:00,2024-06-28 23:00:00+00:00,49,0.4655062237452807,-0.0820112868144276,0.24200278164116829,1,719
2,0.65,0.35,2024-03-01 00:00:00+00:00,2024-05-30 00:00:00+00:00,2024-06-28 23:00:00+00:00,49,0.3671276695986669,-0.0820112868144276,0.2086230876216968,0,719
2,0.65,0.3,2024-03-01 00:00:00+00:00,2024-05-30 00:00:00+00:00,2024-06-28 23:00:00+00:00,49,0.27839698642353733,-0.0820112868144276,0.1835883171070932,0,719
2,0.65,0.25,2024-03-01 00:00:00+00:00,2024-05-30 00:00:00+00:00,2024-06-28 23:00:00+00:00,49,0.0620842023212925,-0.0820112868144276,0.17246175243393602,0,719
2,0.7,0.45,2024-03-01 00:00:00+00:00,2024-05-30 00:00:00+00:00,2024-06-28 23:00:00+00:00,49,0.44476970551550554,-0.07805079065729703,0.26008344923504867,1,719
2,0.7,0.4,2024-03-01 00:00:00+00:00,2024-05-30 00:00:00+00:00,2024-06-28 23:00:00+00:00,49,0.7275582060394723,-0.07805079065729703,0.21557719054242003,0,719
2,0.7,0.35,2024-03-01 00:00:00+00:00,2024-05-30 00:00:00+00:00,2024-06-28 23:00:00+00:00,49,0.6278217416410019,-0.07805079065729703,0.18219749652294853,0,719
2,0.7,0.3,2024-03-01 00:00:00+00:00,2024-05-30 00:00:00+00:00,2024-06-28 23:00:00+00:00,49,0.5440200979138519,-0.07805079065729703,0.1571627260083449,0,719
2,0.7,0.25,2024-03-01 00:00:00+00:00,2024-05-30 00:00:00+00:00,2024-06-28 23:00:00+00:00,49,0.3101973194543612,-0.07805079065729703,0.14603616133518776,0,719
2,0.75,0.45,2024-03-01 00:00:00+00:00,2024-05-30 00:00:00+00:00,2024-06-28 23:00:00+00:00,49,-0.05287639998228603,-0.07524197635065177,0.21557719054242003,0,719
2,0.75,0.4,2024-03-01 00:00:00+00:00,2024-05-30 00:00:00+00:00,2024-06-28 23:00:00+00:00,49,0.1720879855596326,-0.07524197635065177,0.17107093184979139,0,719
2,0.75,0.35,2024-03-01 00:00:00+00:00,2024-05-30 00:00:00+00:00,2024-06-28 23:00:00+00:00,49,0.022887485690635236,-0.07524197635065177,0.1376912378303199,0,719
2,0.75,0.3,2024-03-01 00:00:00+00:00,2024-05-30 00:00:00+00:00,2024-06-28 23:00:00+00:00,49,-0.10033688575740228,-0.07524197635065177,0.11265646731571627,0,719
2,0.75,0.25,2024-03-01 00:00:00+00:00,2024-05-30 00:00:00+00:00,2024-06-28 23:00:00+00:00,49,-0.3676297306636511,-0.07524197635065177,0.10152990264255911,0,719
3,0.55,0.45,2024-03-31 00:00:00+00:00,2024-06-29 00:00:00+00:00,2024-07-28 23:00:00+00:00,49,1.3829961148175658,-0.07584639575104046,0.41620111731843573,34,716
3,0.55,0.4,2024-03-31 00:00:00+00:00,2024-06-29 00:00:00+00:00,2024-07-28 23:00:00+00:00,49,1.3388769486415015,-0.08975677311011654,0.36731843575418993,24,716
3,0.55,0.35,2024-03-31 00:00:00+00:00,2024-06-29 00:00:00+00:00,2024-07-28 23:00:00+00:00,49,1.290729452186164,-0.08680222851151753,0.3058659217877095,10,716
3,0.55,0.3,2024-03-31 00:00:00+00:00,2024-06-29 00:00:00+00:00,2024-07-28 23:00:00+00:00,49,1.2175211903936993,-0.09366983804403162,0.28212290502793297,4,716
3,0.55,0.25,2024-03-31 00:00:00+00:00,2024-06-29 00:00:00+00:00,2024-07-28 23:00:00+00:00,49,1.1337655431197766,-0.09366983804403162,0.26955307262569833,1,716
3,0.6,0.45,2024-03-31 00:00:00+00:00,2024-06-29 00:00:00+00:00,2024-07-28 23:00:00+00:00,49,2.1214460780816764,-0.0691294270171684,0.3575418994413408,21,716
3,0.6,0.4,2024-03-31 00:00:00+00:00,2024-06-29 00:00:00+00:00,2024-07-28 23:00:00+00:00,49,2.1046503114430295,-0.07906885962134147,0.308659217877095,15,716
3,0.6,0.35,2024-03-31 00:00:00+00:00,2024-06-29 00:00:00+00:00,2024-07-28 23:00:00+00:00,49,2.1260334180584404,-0.04433438900873499,0.24720670391061453,7,716
3,0.6,0.3,2024-03-31 00:00:00+00:00,2024-06-29 00:00:00+00:00,2024-07-28 23:00:00+00:00,49,2.073811576116274,-0.04433438900873499,0.22346368715083798,3,716
3,0.6,0.25,2024-03-31 00:00:00+00:00,2024-06-29 00:00:00+00:00,2024-07-28 23:00:00+00:00,49,1.990932729755877,-0.04433438900873499,0.21089385474860337,1,716
3,0.65,0.45,2024-03-31 00:00:00+00:00,2024-06-29 00:00:00+00:00,2024-07-28 23:00:00+00:00,49,2.1745262434828736,-0.05327833335974308,0.2779329608938548,12,716
3,0.65,0.4,2024-03-31 00:00:00+00:00,2024-06-29 00:00:00+00:00,2024-07-28 23:00:00+00:00,49,2.1526946824410222,-0.06203925113428688,0.22905027932960895,9,716
3,0.65,0.35,2024-03-31 00:00:00+00:00,2024-06-29 00:00:00+00:00,2024-07-28 23:00:00+00:00,49,2.18039132598046,-0.0344351358608842,0.16759776536312848,6,716
3,0.65,0.3,2024-03-31 00:00:00+00:00,2024-06-29 00:00:00+00:00,2024-07-28 23:00:00+00:00,49,2.1337219808054115,-0.03560792993399953,0.14385474860335196,3,716
3,0.65,0.25,2024-03-31 00:00:00+00:00,2024-06-29 00:00:00+00:00,2024-07-28 23:00:00+00:00,49,2.049296392062578,-0.04188334804807492,0.13128491620111732,1,716
3,0.7,0.45,2024-03-31 00:00:00+00:00,2024-06-29 00:00:00+00:00,2024-07-28 23:00:00+00:00,49,1.3110750766752048,-0.08740983774565192,0.21368715083798884,3,716
3,0.7,0.4,2024-03-31 00:00:00+00:00,2024-06-29 00:00:00+00:00,2024-07-28 23:00:00+00:00,49,1.1965412211302837,-0.08789315052276248,0.164804469273743,2,716
3,0.7,0.35,2024-03-31 00:00:00+00:00,2024-06-29 00:00:00+00:00,2024-07-28 23:00:00+00:00,49,1.0274596492386183,-0.06444066276403104,0.10335195530726257,2,716
3,0.7,0.3,2024-03-31 00:00:00+00:00,2024-06-29 00:00:00+00:00,2024-07-28 23:00:00+00:00,49,0.8755051770050788,-0.07573555015651978,0.07960893854748603,0,716
3,0.7,0.25,2024-03-31 00:00:00+00:00,2024-06-29 00:00:00+00:00,2024-07-28 23:00:00+00:00,49,0.6948364983545319,-0.08054298431676044,0.0670391061452514,0,716
3,0.75,0.45,2024-03-31 00:00:00+00:00,2024-06-29 00:00:00+00:00,2024-07-28 23:00:00+00:00,49,1.490585103481567,-0.06427381372972207,0.18156424581005587,0,716
3,0.75,0.4,2024-03-31 00:00:00+00:00,2024-06-29 00:00:00+00:00,2024-07-28 23:00:00+00:00,49,1.3921767736107697,-0.05821263261525811,0.13268156424581007,0,716
3,0.75,0.35,2024-03-31 00:00:00+00:00,2024-06-29 00:00:00+00:00,2024-07-28 23:00:00+00:00,49,1.3053151372162843,-0.034760144856526676,0.0712290502793296,0,716
3,0.75,0.3,2024-03-31 00:00:00+00:00,2024-06-29 00:00:00+00:00,2024-07-28 23:00:00+00:00,49,1.1557702879165175,-0.03671591689674436,0.04748603351955307,0,716
3,0.75,0.25,2024-03-31 00:00:00+00:00,2024-06-29 00:00:00+00:00,2024-07-28 23:00:00+00:00,49,0.9669169810360576,-0.04204521614993184,0.034916201117318434,0,716
4,0.55,0.45,2024-04-30 00:00:00+00:00,2024-07-29 00:00:00+00:00,2024-08-27 23:00:00+00:00,49,1.3742217589422134,-0.10840133754919457,0.40555555555555556,39,720
4,0.55,0.4,2024-04-30 00:00:00+00:00,2024-07-29 00:00:00+00:00,2024-08-27 23:00:00+00:00,49,1.2165037709607915,-0.11435336150433728,0.36527777777777776,22,720
4,0.55,0.35,2024-04-30 00:00:00+00:00,2024-07-29 00:00:00+00:00,2024-08-27 23:00:00+00:00,49,0.7800353942736576,-0.11342246587301608,0.3333333333333333,11,720
4,0.55,0.3,2024-04-30 00:00:00+00:00,2024-07-29 00:00:00+00:00,2024-08-27 23:00:00+00:00,49,0.7435440556651777,-0.12791557104301166,0.31527777777777777,6,720
4,0.55,0.25,2024-04-30 00:00:00+00:00,2024-07-29 00:00:00+00:00,2024-08-27 23:00:00+00:00,49,0.5677360324116406,-0.12737602092173816,0.2972222222222222,1,720
4,0.6,0.45,2024-04-30 00:00:00+00:00,2024-07-29 00:00:00+00:00,2024-08-27 23:00:00+00:00,49,1.6857029321054915,-0.11389030088484275,0.3236111111111111,26,720
4,0.6,0.4,2024-04-30 00:00:00+00:00,2024-07-29 00:00:00+00:00,2024-08-27 23:00:00+00:00,49,1.5030627742445528,-0.10187584746011291,0.2833333333333333,14,720
4,0.6,0.35,2024-04-30 00:00:00+00:00,2024-07-29 00:00:00+00:00,2024-08-27 23:00:00+00:00,49,1.0326184230062487,-0.11350084197249977,0.2513888888888889,6,720
4,0.6,0.3,2024-04-30 00:00:00+00:00,2024-07-29 00:00:00+00:00,2024-08-27 23:00:00+00:00,49,0.985476729842064,-0.11415427344036921,0.23333333333333334,3,720
4,0.6,0.25,2024-04-30 00:00:00+00:00,2024-07-29 00:00:00+00:00,2024-08-27 23:00:00+00:00,49,0.7791788515300715,-0.11599645063741071,0.2152777777777778,1,720
4,0.65,0.45,2024-04-30 00:00:00+00:00,2024-07-29 00:00:00+00:00,2024-08-27 23:00:00+00:00,49,1.532605866874187,-0.10055841699193713,0.23194444444444445,13,720
4,0.65,0.4,2024-04-30 00:00:00+00:00,2024-07-29 00:00:00+00:00,2024-08-27 23:00:00+00:00,49,1.30463594082074,-0.09227093992006785,0.19166666666666668,6,720
4,0.65,0.35,2024-04-30 00:00:00+00:00,2024-07-29 00:00:00+00:00,2024-08-27 23:00:00+00:00,49,0.75103193516458,-0.09647677808120192,0.1597222222222222,3,720
4,0.65,0.3,2024-04-30 00:00:00+00:00,2024-07-29 00:00:00+00:00,2024-08-27 23:00:00+00:00,49,0.6897478226394321,-0.11034487450662112,0.14166666666666666,1,720
4,0.65,0.25,2024-04-30 00:00:00+00:00,2024-07-29 00:00:00+00:00,2024-08-27 23:00:00+00:00,49,0.45146131852655064,-0.10980532438534762,0.12361111111111112,0,720
4,0.7,0.45,2024-04-30 00:00:00+00:00,2024-07-29 00:00:00+00:00,2024-08-27 23:00:00+00:00,49,1.4440212274817146,-0.1009078281205541,0.16111111111111112,3,720
4,0.7,0.4,2024-04-30 00:00:00+00:00,2024-07-29 00:00:00+00:00,2024-08-27 23:00:00+00:00,49,1.1706481933661947,-0.0942838018938238,0.12083333333333333,1,720
4,0.7,0.35,2024-04-30 00:00:00+00:00,2024-07-29 00:00:00+00:00,2024-08-27 23:00:00+00:00,49,0.5565270573678757,-0.09337722841544083,0.08888888888888889,0,720
4,0.7,0.3,2024-04-30 00:00:00+00:00,2024-07-29 00:00:00+00:00,2024-08-27 23:00:00+00:00,49,0.4740868089314766,-0.10724532484086002,0.07083333333333333,0,720
4,0.7,0.25,2024-04-30 00:00:00+00:00,2024-07-29 00:00:00+00:00,2024-08-27 23:00:00+00:00,49,0.20541841280296197,-0.10670577471958653,0.05277777777777778,0,720
4,0.75,0.45,2024-04-30 00:00:00+00:00,2024-07-29 00:00:00+00:00,2024-08-27 23:00:00+00:00,49,1.4195009291621716,-0.08368710966728132,0.14166666666666666,1,720
4,0.75,0.4,2024-04-30 00:00:00+00:00,2024-07-29 00:00:00+00:00,2024-08-27 23:00:00+00:00,49,1.1190387040709162,-0.08636139142617127,0.10138888888888889,0,720
4,0.75,0.35,2024-04-30 00:00:00+00:00,2024-07-29 00:00:00+00:00,2024-08-27 23:00:00+00:00,49,0.4330962344161956,-0.08264754532685581,0.06944444444444445,0,720
4,0.75,0.3,2024-04-30 00:00:00+00:00,2024-07-29 00:00:00+00:00,2024-08-27 23:00:00+00:00,49,0.3391546913685368,-0.08363162957810322,0.05138888888888889,0,720
4,0.75,0.25,2024-04-30 00:00:00+00:00,2024-07-29 00:00:00+00:00,2024-08-27 23:00:00+00:00,49,0.03420984407278893,-0.08309207945682973,0.03333333333333333,0,720
5,0.55,0.45,2024-05-30 00:00:00+00:00,2024-08-28 00:00:00+00:00,2024-09-26 23:00:00+00:00,49,1.385876410545661,-0.08662929028061783,0.38997214484679665,34,718
5,0.55,0.4,2024-05-30 00:00:00+00:00,2024-08-28 00:00:00+00:00,2024-09-26 23:00:00+00:00,49,1.1980354867671554,-0.09237777713424278,0.3426183844011142,21,718
5,0.55,0.35,2024-05-30 00:00:00+00:00,2024-08-28 00:00:00+00:00,2024-09-26 23:00:00+00:00,49,1.0259926057285693,-0.1132366885714221,0.30779944289693595,11,718
5,0.55,0.3,2024-05-30 00:00:00+00:00,2024-08-28 00:00:00+00:00,2024-09-26 23:00:00+00:00,49,1.4726722924333462,-0.08823600346915195,0.2841225626740947,2,718
5,0.55,0.25,2024-05-30 00:00:00+00:00,2024-08-28 00:00:00+00:00,2024-09-26 23:00:00+00:00,49,1.5073598434675228,-0.08054199567503595,0.2785515320334262,1,718
5,0.6,0.45,2024-05-30 00:00:00+00:00,2024-08-28 00:00:00+00:00,2024-09-26 23:00:00+00:00,49,1.3434051462735201,-0.05823218657455109,0.3286908077994429,24,718
5,0.6,0.4,2024-05-30 00:00:00+00:00,2024-08-28 00:00:00+00:00,2024-09-26 23:00:00+00:00,49,1.114222004458897,-0.06612442087854464,0.28133704735376047,15,718
5,0.6,0.35,2024-05-30 00:00:00+00:00,2024-08-28 00:00:00+00:00,2024-09-26 23:00:00+00:00,49,0.9034931500009133,-0.08698333231572397,0.24651810584958217,8,718
5,0.6,0.3,2024-05-30 00:00:00+00:00,2024-08-28 00:00:00+00:00,2024-09-26 23:00:00+00:00,49,1.3611771933322911,-0.07065471612733043,0.22284122562674094,2,718
5,0.6,0.25,2024-05-30 00:00:00+00:00,2024-08-28 00:00:00+00:00,2024-09-26 23:00:00+00:00,49,1.3989759113013724,-0.07065471612733043,0.21727019498607242,1,718
5,0.65,0.45,2024-05-30 00:00:00+00:00,2024-08-28 00:00:00+00:00,2024-09-26 23:00:00+00:00,49,1.2084754964268396,-0.05174935524967561,0.25348189415041783,14,718
5,0.65,0.4,2024-05-30 00:00:00+00:00,2024-08-28 00:00:00+00:00,2024-09-26 23:00:00+00:00,49,0.8849051726615396,-0.05263537209570113,0.20612813370473537,10,718
5,0.65,0.35,2024-05-30 00:00:00+00:00,2024-08-28 00:00:00+00:00,2024-09-26 23:00:00+00:00,49,0.5884760127232105,-0.07349428353288046,0.1713091922005571,5,718
5,0.65,0.3,2024-05-30 00:00:00+00:00,2024-08-28 00:00:00+00:00,2024-09-26 23:00:00+00:00,49,1.1682631199781128,-0.048493598430610296,0.14763231197771587,2,718
5,0.65,0.25,2024-05-30 00:00:00+00:00,2024-08-28 00:00:00+00:00,2024-09-26 23:00:00+00:00,49,1.221318520692693,-0.04283831404802152,0.14206128133704735,1,718
5,0.7,0.45,2024-05-30 00:00:00+00:00,2024-08-28 00:00:00+00:00,2024-09-26 23:00:00+00:00,49,1.1479386728854413,-0.03441200441091852,0.19498607242339833,6,718
5,0.7,0.4,2024-05-30 00:00:00+00:00,2024-08-28 00:00:00+00:00,2024-09-26 23:00:00+00:00,49,0.7567103714794977,-0.043352509133428474,0.14763231197771587,5,718
5,0.7,0.35,2024-05-30 00:00:00+00:00,2024-08-28 00:00:00+00:00,2024-09-26 23:00:00+00:00,49,0.3819181110823254,-0.042657686999906796,0.11281337047353761,2,718
5,0.7,0.3,2024-05-30 00:00:00+00:00,2024-08-28 00:00:00+00:00,2024-09-26 23:00:00+00:00,49,1.044864928593129,-0.034169815881401,0.08913649025069638,1,718
5,0.7,0.25,2024-05-30 00:00:00+00:00,2024-08-28 00:00:00+00:00,2024-09-26 23:00:00+00:00,49,1.096112388857916,-0.034169815881401,0.08356545961002786,1,718
5,0.75,0.45,2024-05-30 00:00:00+00:00,2024-08-28 00:00:00+00:00,2024-09-26 23:00:00+00:00,49,0.822690900019294,-0.03615533141765237,0.1671309192200557,2,718
5,0.75,0.4,2024-05-30 00:00:00+00:00,2024-08-28 00:00:00+00:00,2024-09-26 23:00:00+00:00,49,0.3338376353915066,-0.04285656648335423,0.11977715877437325,1,718
5,0.75,0.35,2024-05-30 00:00:00+00:00,2024-08-28 00:00:00+00:00,2024-09-26 23:00:00+00:00,49,-0.18445199872584675,-0.06371547792053356,0.08495821727019498,0,718
5,0.75,0.3,2024-05-30 00:00:00+00:00,2024-08-28 00:00:00+00:00,2024-09-26 23:00:00+00:00,49,0.5174898775425278,-0.03817924528426597,0.06128133704735376,0,718
5,0.75,0.25,2024-05-30 00:00:00+00:00,2024-08-28 00:00:00+00:00,2024-09-26 23:00:00+00:00,49,0.5745781666033757,-0.037077707518634484,0.055710306406685235,0,718
6,0.55,0.45,2024-06-29 00:00:00+00:00,2024-09-27 00:00:00+00:00,2024-10-26 23:00:00+00:00,49,1.761620596039009,-0.041437622072678315,0.3678321678321678,33,715
6,0.55,0.4,2024-06-29 00:00:00+00:00,2024-09-27 00:00:00+00:00,2024-10-26 23:00:00+00:00,49,1.8013064437590303,-0.041437622072678315,0.3076923076923077,16,715
6,0.55,0.35,2024-06-29 00:00:00+00:00,2024-09-27 00:00:00+00:00,2024-10-26 23:00:00+00:00,49,1.6987884224182164,-0.041437622072678315,0.26573426573426573,5,715
6,0.55,0.3,2024-06-29 00:00:00+00:00,2024-09-27 00:00:00+00:00,2024-10-26 23:00:00+00:00,49,1.3965577183158442,-0.04444847283047915,0.23216783216783216,1,715
6,0.55,0.25,2024-06-29 00:00:00+00:00,2024-09-27 00:00:00+00:00,2024-10-26 23:00:00+00:00,49,1.3799597964608448,-0.04444847283047915,0.22657342657342658,0,715
6,0.6,0.45,2024-06-29 00:00:00+00:00,2024-09-27 00:00:00+00:00,2024-10-26 23:00:00+00:00,49,1.7610226285295356,-0.041624085572213976,0.2601398601398601,11,715
6,0.6,0.4,2024-06-29 00:00:00+00:00,2024-09-27 00:00:00+00:00,2024-10-26 23:00:00+00:00,49,1.7399980171505351,-0.041624085572213976,0.2,4,715
6,0.6,0.35,2024-06-29 00:00:00+00:00,2024-09-27 00:00:00+00:00,2024-10-26 23:00:00+00:00,49,1.5175407442797384,-0.041437622072678315,0.15804195804195803,1,715
6,0.6,0.3,2024-06-29 00:00:00+00:00,2024-09-27 00:00:00+00:00,2024-10-26 23:00:00+00:00,49,1.0264061198034842,-0.04574972501953589,0.12447552447552447,0,715
6,0.6,0.25,2024-06-29 00:00:00+00:00,2024-09-27 00:00:00+00:00,2024-10-26 23:00:00+00:00,49,0.9864101828458204,-0.04574972501953589,0.11888111888111888,0,715
6,0.65,0.45,2024-06-29 00:00:00+00:00,2024-09-27 00:00:00+00:00,2024-10-26 23:00:00+00:00,49,1.5159585624232583,-0.028193010477608804,0.1972027972027972,3,715
6,0.65,0.4,2024-06-29 00:00:00+00:00,2024-09-27 00:00:00+00:00,2024-10-26 23:00:00+00:00,49,1.4290032664578831,-0.02765154136147363,0.13706293706293707,1,715
6,0.65,0.35,2024-06-29 00:00:00+00:00,2024-09-27 00:00:00+00:00,2024-10-26 23:00:00+00:00,49,1.0965078715554892,-0.02156845338868818,0.0951048951048951,0,715
6,0.65,0.3,2024-06-29 00:00:00+00:00,2024-09-27 00:00:00+00:00,2024-10-26 23:00:00+00:00,49,0.3096960267133347,-0.026688356885054554,0.06153846153846154,0,715
6,0.65,0.25,2024-06-29 00:00:00+00:00,2024-09-27 00:00:00+00:00,2024-10-26 23:00:00+00:00,49,0.23299051869877704,-0.028418804292935196,0.055944055944055944,0,715
6,0.7,0.45,2024-06-29 00:00:00+00:00,2024-09-27 00:00:00+00:00,2024-10-26 23:00:00+00:00,49,1.5153422737840248,-0.03242824922945098,0.16783216783216784,2,715
6,0.7,0.4,2024-06-29 00:00:00+00:00,2024-09-27 00:00:00+00:00,2024-10-26 23:00:00+00:00,49,1.4726451278513055,-0.023888530279994713,0.1076923076923077,0,715
6,0.7,0.35,2024-06-29 00:00:00+00:00,2024-09-27 00:00:00+00:00,2024-10-26 23:00:00+00:00,49,1.1258542837867902,-0.021016555257873937,0.06573426573426573,0,715
6,0.7,0.3,2024-06-29 00:00:00+00:00,2024-09-27 00:00:00+00:00,2024-10-26 23:00:00+00:00,49,0.055184277866916695,-0.021016555257873937,0.032167832167832165,0,715
6,0.7,0.25,2024-06-29 00:00:00+00:00,2024-09-27 00:00:00+00:00,2024-10-26 23:00:00+00:00,49,-0.07142173333096251,-0.022167953127678608,0.026573426573426574,0,715
6,0.75,0.45,2024-06-29 00:00:00+00:00,2024-09-27 00:00:00+00:00,2024-10-26 23:00:00+00:00,49,2.2131608407052674,-0.028991423554006968,0.15664335664335666,0,715
6,0.75,0.4,2024-06-29 00:00:00+00:00,2024-09-27 00:00:00+00:00,2024-10-26 23:00:00+00:00,49,2.458491700421471,-0.020832224077124817,0.0965034965034965,0,715
6,0.75,0.35,2024-06-29 00:00:00+00:00,2024-09-27 00:00:00+00:00,2024-10-26 23:00:00+00:00,49,2.818541173784577,-0.009170708510170544,0.05454545454545454,0,715
6,0.75,0.3,2024-06-29 00:00:00+00:00,2024-09-27 00:00:00+00:00,2024-10-26 23:00:00+00:00,49,1.8209891530353939,-0.007053368809915028,0.02097902097902098,0,715
6,0.75,0.25,2024-06-29 00:00:00+00:00,2024-09-27 00:00:00+00:00,2024-10-26 23:00:00+00:00,49,2.0632919912179357,-0.002887646827300805,0.015384615384615385,0,715
7,0.55,0.45,2024-07-29 00:00:00+00:00,2024-10-27 00:00:00+00:00,2024-11-25 23:00:00+00:00,49,-1.2625002922346626,-0.24206194360899236,0.3676056338028169,22,710
7,0.55,0.4,2024-07-29 00:00:00+00:00,2024-10-27 00:00:00+00:00,2024-11-25 23:00:00+00:00,49,-0.1055635998260865,-0.0901407937364993,0.27605633802816903,10,710
7,0.55,0.35,2024-07-29 00:00:00+00:00,2024-10-27 00:00:00+00:00,2024-11-25 23:00:00+00:00,49,-0.12812843568727164,-0.07046511430136215,0.19577464788732393,4,710
7,0.55,0.3,2024-07-29 00:00:00+00:00,2024-10-27 00:00:00+00:00,2024-11-25 23:00:00+00:00,49,0.752900756086208,-0.04502322425034433,0.14929577464788732,2,710
7,0.55,0.25,2024-07-29 00:00:00+00:00,2024-10-27 00:00:00+00:00,2024-11-25 23:00:00+00:00,49,1.2142075259442506,-0.03224506601449184,0.11408450704225352,0,710
7,0.6,0.45,2024-07-29 00:00:00+00:00,2024-10-27 00:00:00+00:00,2024-11-25 23:00:00+00:00,49,-1.8397853606655874,-0.25744797412419873,0.3211267605633803,9,710
7,0.6,0.4,2024-07-29 00:00:00+00:00,2024-10-27 00:00:00+00:00,2024-11-25 23:00:00+00:00,49,-0.7476109344708551,-0.1125792747279507,0.2295774647887324,4,710
7,0.6,0.35,2024-07-29 00:00:00+00:00,2024-10-27 00:00:00+00:00,2024-11-25 23:00:00+00:00,49,-0.9546831835513531,-0.11526138067468727,0.14929577464788732,1,710
7,0.6,0.3,2024-07-29 00:00:00+00:00,2024-10-27 00:00:00+00:00,2024-11-25 23:00:00+00:00,49,-0.020142089192248407,-0.05397592903682835,0.1028169014084507,1,710
7,0.6,0.25,2024-07-29 00:00:00+00:00,2024-10-27 00:00:00+00:00,2024-11-25 23:00:00+00:00,49,0.40626235519833936,-0.044523922698854856,0.0676056338028169,0,710
7,0.65,0.45,2024-07-29 00:00:00+00:00,2024-10-27 00:00:00+00:00,2024-11-25 23:00:00+00:00,49,-1.7752566570137251,-0.2503898105111627,0.30422535211267604,3,710
7,0.65,0.4,2024-07-29 00:00:00+00:00,2024-10-27 00:00:00+00:00,2024-11-25 23:00:00+00:00,49,-0.6775847399244769,-0.10463811334851114,0.21267605633802816,1,710
7,0.65,0.35,2024-07-29 00:00:00+00:00,2024-10-27 00:00:00+00:00,2024-11-25 23:00:00+00:00,49,-0.9009331677558138,-0.10558196603519343,0.1323943661971831,0,710
7,0.65,0.3,2024-07-29 00:00:00+00:00,2024-10-27 00:00:00+00:00,2024-11-25 23:00:00+00:00,49,0.08302114656196627,-0.05138195532169587,0.08591549295774648,0,710
7,0.65,0.25,2024-07-29 00:00:00+00:00,2024-10-27 00:00:00+00:00,2024-11-25 23:00:00+00:00,49,0.6023818898621199,-0.02866808267530785,0.05070422535211268,0,710
7,0.7,0.45,2024-07-29 00:00:00+00:00,2024-10-27 00:00:00+00:00,2024-11-25 23:00:00+00:00,49,-1.829526005972134,-0.2586256799890678,0.29859154929577464,0,710
7,0.7,0.4,2024-07-29 00:00:00+00:00,2024-10-27 00:00:00+00:00,2024-11-25 23:00:00+00:00,49,-0.7551137386260769,-0.11354371026941545,0.20704225352112676,0,710
7,0.7,0.35,2024-07-29 00:00:00+00:00,2024-10-27 00:00:00+00:00,2024-11-25 23:00:00+00:00,49,-1.0144451974597455,-0.11622581621615202,0.1267605633802817,0,710
7,0.7,0.3,2024-07-29 00:00:00+00:00,2024-10-27 00:00:00+00:00,2024-11-25 23:00:00+00:00,49,-0.0365404012969773,-0.05205830057179861,0.08028169014084507,0,710
7,0.7,0.25,2024-07-29 00:00:00+00:00,2024-10-27 00:00:00+00:00,2024-11-25 23:00:00+00:00,49,0.4394293250041348,-0.030709251028573803,0.04507042253521127,0,710
7,0.75,0.45,2024-07-29 00:00:00+00:00,2024-10-27 00:00:00+00:00,2024-11-25 23:00:00+00:00,49,-1.9340593671219257,-0.2693835475717661,0.2943661971830986,0,710
7,0.75,0.4,2024-07-29 00:00:00+00:00,2024-10-27 00:00:00+00:00,2024-11-25 23:00:00+00:00,49,-0.883342840396482,-0.12489840589885826,0.2028169014084507,0,710
7,0.75,0.35,2024-07-29 00:00:00+00:00,2024-10-27 00:00:00+00:00,2024-11-25 23:00:00+00:00,49,-1.1770156871504647,-0.12737079878361435,0.12253521126760564,0,710
7,0.75,0.3,2024-07-29 00:00:00+00:00,2024-10-27 00:00:00+00:00,2024-11-25 23:00:00+00:00,49,-0.23058364070918103,-0.054636086540308715,0.07605633802816901,0,710
7,0.75,0.25,2024-07-29 00:00:00+00:00,2024-10-27 00:00:00+00:00,2024-11-25 23:00:00+00:00,49,0.120056753911816,-0.03934116431123991,0.04084507042253521,0,710
8,0.55,0.45,2024-08-28 00:00:00+00:00,2024-11-26 00:00:00+00:00,2024-12-25 23:00:00+00:00,49,0.06938946832929875,-0.09732343592018988,0.3527777777777778,23,720
8,0.55,0.4,2024-08-28 00:00:00+00:00,2024-11-26 00:00:00+00:00,2024-12-25 23:00:00+00:00,49,0.7049421730135366,-0.0746970559932848,0.2902777777777778,11,720
8,0.55,0.35,2024-08-28 00:00:00+00:00,2024-11-26 00:00:00+00:00,2024-12-25 23:00:00+00:00,49,0.9065822069932145,-0.05839306112804865,0.21388888888888888,4,720
8,0.55,0.3,2024-08-28 00:00:00+00:00,2024-11-26 00:00:00+00:00,2024-12-25 23:00:00+00:00,49,1.1932098582464348,-0.03991374190065644,0.17916666666666667,1,720
8,0.55,0.25,2024-08-28 00:00:00+00:00,2024-11-26 00:00:00+00:00,2024-12-25 23:00:00+00:00,49,0.6390064310351636,-0.04242004106875852,0.16111111111111112,0,720
8,0.6,0.45,2024-08-28 00:00:00+00:00,2024-11-26 00:00:00+00:00,2024-12-25 23:00:00+00:00,49,0.36475150521357114,-0.09480288044573626,0.275,8,720
8,0.6,0.4,2024-08-28 00:00:00+00:00,2024-11-26 00:00:00+00:00,2024-12-25 23:00:00+00:00,49,1.0575959798919197,-0.07625923698973847,0.2125,5,720
8,0.6,0.35,2024-08-28 00:00:00+00:00,2024-11-26 00:00:00+00:00,2024-12-25 23:00:00+00:00,49,1.3736440560253398,-0.05366193406859732,0.1361111111111111,1,720
8,0.6,0.3,2024-08-28 00:00:00+00:00,2024-11-26 00:00:00+00:00,2024-12-25 23:00:00+00:00,49,1.783596418986665,-0.029036575715580493,0.10138888888888889,0,720
8,0.6,0.25,2024-08-28 00:00:00+00:00,2024-11-26 00:00:00+00:00,2024-12-25 23:00:00+00:00,49,1.161481633671144,-0.03457653904624103,0.08333333333333333,0,720
8,0.65,0.45,2024-08-28 00:00:00+00:00,2024-11-26 00:00:00+00:00,2024-12-25 23:00:00+00:00,49,0.3446377947585709,-0.10086923537521386,0.24305555555555555,5,720
8,0.65,0.4,2024-08-28 00:00:00+00:00,2024-11-26 00:00:00+00:00,2024-12-25 23:00:00+00:00,49,1.0950280446703693,-0.07840730437115961,0.18055555555555555,3,720
8,0.65,0.35,2024-08-28 00:00:00+00:00,2024-11-26 00:00:00+00:00,2024-12-25 23:00:00+00:00,49,1.4810738048571628,-0.07425488787759649,0.10416666666666667,1,720
8,0.65,0.3,2024-08-28 00:00:00+00:00,2024-11-26 00:00:00+00:00,2024-12-25 23:00:00+00:00,49,2.027111832828558,-0.049604937598327736,0.06944444444444445,0,720
8,0.65,0.25,2024-08-28 00:00:00+00:00,2024-11-26 00:00:00+00:00,2024-12-25 23:00:00+00:00,49,1.3553406779383455,-0.049604937598327736,0.05138888888888889,0,720
8,0.7,0.45,2024-08-28 00:00:00+00:00,2024-11-26 00:00:00+00:00,2024-12-25 23:00:00+00:00,49,-0.23028253852995564,-0.10323551753111049,0.21388888888888888,1,720
8,0.7,0.4,2024-08-28 00:00:00+00:00,2024-11-26 00:00:00+00:00,2024-12-25 23:00:00+00:00,49,0.4709974556778063,-0.07840730437115961,0.15138888888888888,1,720
8,0.7,0.35,2024-08-28 00:00:00+00:00,2024-11-26 00:00:00+00:00,2024-12-25 23:00:00+00:00,49,0.7241749168331384,-0.055810001450018465,0.075,0,720
8,0.7,0.3,2024-08-28 00:00:00+00:00,2024-11-26 00:00:00+00:00,2024-12-25 23:00:00+00:00,49,1.2955208532928255,-0.025950045786050202,0.04027777777777778,0,720
8,0.7,0.25,2024-08-28 00:00:00+00:00,2024-11-26 00:00:00+00:00,2024-12-25 23:00:00+00:00,49,0.13873485603118035,-0.025722169230378955,0.022222222222222223,0,720
8,0.75,0.45,2024-08-28 00:00:00+00:00,2024-11-26 00:00:00+00:00,2024-12-25 23:00:00+00:00,49,-0.35411241207954497,-0.10323551753111049,0.20833333333333334,0,720
8,0.75,0.4,2024-08-28 00:00:00+00:00,2024-11-26 00:00:00+00:00,2024-12-25 23:00:00+00:00,49,0.3307319097784435,-0.07840730437115961,0.14583333333333334,0,720
8,0.75,0.35,2024-08-28 00:00:00+00:00,2024-11-26 00:00:00+00:00,2024-12-25 23:00:00+00:00,49,0.5206631609111991,-0.055810001450018465,0.06944444444444445,0,720
8,0.75,0.3,2024-08-28 00:00:00+00:00,2024-11-26 00:00:00+00:00,2024-12-25 23:00:00+00:00,49,1.0645947723532205,-0.025722169230378955,0.034722222222222224,0,720
8,0.75,0.25,2024-08-28 00:00:00+00:00,2024-11-26 00:00:00+00:00,2024-12-25 23:00:00+00:00,49,-0.31884324646454676,-0.025840189791587753,0.016666666666666666,0,720
9,0.55,0.45,2024-09-27 00:00:00+00:00,2024-12-26 00:00:00+00:00,2025-01-24 23:00:00+00:00,49,0.26082362469568005,-0.1165632105130292,0.3451202263083451,29,707
9,0.55,0.4,2024-09-27 00:00:00+00:00,2024-12-26 00:00:00+00:00,2025-01-24 23:00:00+00:00,49,0.7304965366910715,-0.09368037148514807,0.2913719943422914,14,707
9,0.55,0.35,2024-09-27 00:00:00+00:00,2024-12-26 00:00:00+00:00,2025-01-24 23:00:00+00:00,49,0.6871310007674484,-0.09171592050974309,0.24611032531824611,3,707
9,0.55,0.3,2024-09-27 00:00:00+00:00,2024-12-26 00:00:00+00:00,2025-01-24 23:00:00+00:00,49,0.018495581520401042,-0.09099913483862787,0.22347949080622348,0,707
9,0.55,0.25,2024-09-27 00:00:00+00:00,2024-12-26 00:00:00+00:00,2025-01-24 23:00:00+00:00,49,-0.0639533898961988,-0.09099913483862787,0.214992927864215,0,707
9,0.6,0.45,2024-09-27 00:00:00+00:00,2024-12-26 00:00:00+00:00,2025-01-24 23:00:00+00:00,49,0.1964213648694017,-0.12925467778741406,0.25035360678925034,7,707
9,0.6,0.4,2024-09-27 00:00:00+00:00,2024-12-26 00:00:00+00:00,2025-01-24 23:00:00+00:00,49,0.6570904669462205,-0.09518382803216263,0.1966053748231966,4,707
9,0.6,0.35,2024-09-27 00:00:00+00:00,2024-12-26 00:00:00+00:00,2025-01-24 23:00:00+00:00,49,0.5273135302554207,-0.09769088977664242,0.15134370579915135,2,707
9,0.6,0.3,2024-09-27 00:00:00+00:00,2024-12-26 00:00:00+00:00,2025-01-24 23:00:00+00:00,49,-0.32606730033862596,-0.08649004020828,0.12871287128712872,0,707
9,0.6,0.25,2024-09-27 00:00:00+00:00,2024-12-26 00:00:00+00:00,2025-01-24 23:00:00+00:00,49,-0.4330190641529422,-0.09186543110887668,0.12022630834512023,0,707
9,0.65,0.45,2024-09-27 00:00:00+00:00,2024-12-26 00:00:00+00:00,2025-01-24 23:00:00+00:00,49,0.2534354722569018,-0.1138588941586215,0.19519094766619519,2,707
9,0.65,0.4,2024-09-27 00:00:00+00:00,2024-12-26 00:00:00+00:00,2025-01-24 23:00:00+00:00,49,0.771948725807981,-0.07244530633582691,0.14144271570014144,1,707
9,0.65,0.35,2024-09-27 00:00:00+00:00,2024-12-26 00:00:00+00:00,2025-01-24 23:00:00+00:00,49,0.619870119562723,-0.06932015338580388,0.09618104667609619,0,707
9,0.65,0.3,2024-09-27 00:00:00+00:00,2024-12-26 00:00:00+00:00,2025-01-24 23:00:00+00:00,49,-0.3982344470519677,-0.06738740178721214,0.07355021216407355,0,707
9,0.65,0.25,2024-09-27 00:00:00+00:00,2024-12-26 00:00:00+00:00,2025-01-24 23:00:00+00:00,49,-0.5280946221879769,-0.06991416137424034,0.06506364922206506,0,707
9,0.7,0.45,2024-09-27 00:00:00+00:00,2024-12-26 00:00:00+00:00,2025-01-24 23:00:00+00:00,49,1.0765759388743885,-0.10690479027557176,0.173974540311174,0,707
9,0.7,0.4,2024-09-27 00:00:00+00:00,2024-12-26 00:00:00+00:00,2025-01-24 23:00:00+00:00,49,1.9185159873452926,-0.062168256048240056,0.12022630834512023,0,707
9,0.7,0.35,2024-09-27 00:00:00+00:00,2024-12-26 00:00:00+00:00,2025-01-24 23:00:00+00:00,49,1.7893720288567192,-0.06008888368862164,0.07496463932107496,0,707
9,0.7,0.3,2024-09-27 00:00:00+00:00,2024-12-26 00:00:00+00:00,2025-01-24 23:00:00+00:00,49,0.7031436672338639,-0.0505138330581153,0.05233380480905234,0,707
9,0.7,0.25,2024-09-27 00:00:00+00:00,2024-12-26 00:00:00+00:00,2025-01-24 23:00:00+00:00,49,0.5396699445274806,-0.051108818238539966,0.04384724186704385,0,707
9,0.75,0.45,2024-09-27 00:00:00+00:00,2024-12-26 00:00:00+00:00,2025-01-24 23:00:00+00:00,49,0.9505067435245477,-0.11721773647584166,0.15558698727015557,0,707
9,0.75,0.4,2024-09-27 00:00:00+00:00,2024-12-26 00:00:00+00:00,2025-01-24 23:00:00+00:00,49,1.9240646046500707,-0.05176655459744306,0.10183875530410184,0,707
9,0.75,0.35,2024-09-27 00:00:00+00:00,2024-12-26 00:00:00+00:00,2025-01-24 23:00:00+00:00,49,1.7952857215755802,-0.048641401647420035,0.056577086280056574,0,707
9,0.75,0.3,2024-09-27 00:00:00+00:00,2024-12-26 00:00:00+00:00,2025-01-24 23:00:00+00:00,49,0.4847203064122933,-0.03991808475278302,0.033946251768033946,0,707
9,0.75,0.25,2024-09-27 00:00:00+00:00,2024-12-26 00:00:00+00:00,2025-01-24 23:00:00+00:00,49,0.25286618862519133,-0.035859503557364225,0.02545968882602546,0,707
10,0.55,0.45,2024-10-27 00:00:00+00:00,2025-01-25 00:00:00+00:00,2025-02-23 23:00:00+00:00,49,-0.6018713116153278,-0.1575073301061216,0.325452016689847,27,719
10,0.55,0.4,2024-10-27 00:00:00+00:00,2025-01-25 00:00:00+00:00,2025-02-23 23:00:00+00:00,49,-0.17342592735651294,-0.14766831355748467,0.2698191933240612,11,719
10,0.55,0.35,2024-10-27 00:00:00+00:00,2025-01-25 00:00:00+00:00,2025-02-23 23:00:00+00:00,49,-0.6444028931717409,-0.15980392350506234,0.23504867872044508,5,719
10,0.55,0.3,2024-10-27 00:00:00+00:00,2025-01-25 00:00:00+00:00,2025-02-23 23:00:00+00:00,49,-0.7434753136533172,-0.16196973690387206,0.20584144645340752,3,719
10,0.55,0.25,2024-10-27 00:00:00+00:00,2025-01-25 00:00:00+00:00,2025-02-23 23:00:00+00:00,49,-0.7294137237487941,-0.15646631905059016,0.18776077885952713,0,719
10,0.6,0.45,2024-10-27 00:00:00+00:00,2025-01-25 00:00:00+00:00,2025-02-23 23:00:00+00:00,49,-0.8824567585613874,-0.1335184661577241,0.24617524339360222,13,719
10,0.6,0.4,2024-10-27 00:00:00+00:00,2025-01-25 00:00:00+00:00,2025-02-23 23:00:00+00:00,49,-0.4848065201653726,-0.11302791472845264,0.1905424200278164,3,719
10,0.6,0.35,2024-10-27 00:00:00+00:00,2025-01-25 00:00:00+00:00,2025-02-23 23:00:00+00:00,49,-1.1075608890250268,-0.12476935610969231,0.15577190542420027,2,719
10,0.6,0.3,2024-10-27 00:00:00+00:00,2025-01-25 00:00:00+00:00,2025-02-23 23:00:00+00:00,49,-1.2495143666609052,-0.13171546479212182,0.12656467315716272,1,719
10,0.6,0.25,2024-10-27 00:00:00+00:00,2025-01-25 00:00:00+00:00,2025-02-23 23:00:00+00:00,49,-1.2661620123523547,-0.12416643053138987,0.10848400556328233,0,719
10,0.65,0.45,2024-10-27 00:00:00+00:00,2025-01-25 00:00:00+00:00,2025-02-23 23:00:00+00:00,49,-0.9620585173896798,-0.10448985305999636,0.1905424200278164,3,719
10,0.65,0.4,2024-10-27 00:00:00+00:00,2025-01-25 00:00:00+00:00,2025-02-23 23:00:00+00:00,49,-0.6098701603049306,-0.07257060663646364,0.1349095966620306,0,719
10,0.65,0.35,2024-10-27 00:00:00+00:00,2025-01-25 00:00:00+00:00,2025-02-23 23:00:00+00:00,49,-1.3648713291181878,-0.10093031813989561,0.10013908205841446,0,719
10,0.65,0.3,2024-10-27 00:00:00+00:00,2025-01-25 00:00:00+00:00,2025-02-23 23:00:00+00:00,49,-1.5598000585087322,-0.11050420435321695,0.07093184979137691,0,719
10,0.65,0.25,2024-10-27 00:00:00+00:00,2025-01-25 00:00:00+00:00,2025-02-23 23:00:00+00:00,49,-1.6063191376605523,-0.1083932772869095,0.05285118219749652,0,719
10,0.7,0.45,2024-10-27 00:00:00+00:00,2025-01-25 00:00:00+00:00,2025-02-23 23:00:00+00:00,49,-0.3884686135430712,-0.08084062160507888,0.16968011126564672,0,719
10,0.7,0.4,2024-10-27 00:00:00+00:00,2025-01-25 00:00:00+00:00,2025-02-23 23:00:00+00:00,49,0.06912987445984697,-0.04892857503659098,0.11404728789986092,0,719
10,0.7,0.35,2024-10-27 00:00:00+00:00,2025-01-25 00:00:00+00:00,2025-02-23 23:00:00+00:00,49,-0.7581305467215373,-0.056458810028445994,0.07927677329624479,0,719
10,0.7,0.3,2024-10-27 00:00:00+00:00,2025-01-25 00:00:00+00:00,2025-02-23 23:00:00+00:00,49,-0.9702032388455222,-0.05497090305758556,0.05006954102920723,0,719
10,0.7,0.25,2024-10-27 00:00:00+00:00,2025-01-25 00:00:00+00:00,2025-02-23 23:00:00+00:00,49,-1.0128264355670242,-0.054169138431116814,0.031988873435326845,0,719
10,0.75,0.45,2024-10-27 00:00:00+00:00,2025-01-25 00:00:00+00:00,2025-02-23 23:00:00+00:00,49,0.22619395909657378,-0.05175009666640229,0.15855354659248957,0,719
10,0.75,0.4,2024-10-27 00:00:00+00:00,2025-01-25 00:00:00+00:00,2025-02-23 23:00:00+00:00,49,1.084732897673272,-0.027852048030121646,0.10292072322670376,0,719
10,0.75,0.35,2024-10-27 00:00:00+00:00,2025-01-25 00:00:00+00:00,2025-02-23 23:00:00+00:00,49,-0.017200577662887226,-0.027852048030121646,0.06815020862308763,0,719
10,0.75,0.3,2024-10-27 00:00:00+00:00,2025-01-25 00:00:00+00:00,2025-02-23 23:00:00+00:00,49,-0.3334725122531999,-0.027852048030121646,0.03894297635605007,0,719
10,0.75,0.25,2024-10-27 00:00:00+00:00,2025-01-25 00:00:00+00:00,2025-02-23 23:00:00+00:00,49,-0.39073940247238365,-0.021142724146341996,0.02086230876216968,0,719
11,0.55,0.45,2024-11-26 00:00:00+00:00,2025-02-24 00:00:00+00:00,2025-03-25 23:00:00+00:00,49,-0.43329965681011945,-0.1781990897238066,0.47493036211699163,16,718
11,0.55,0.4,2024-11-26 00:00:00+00:00,2025-02-24 00:00:00+00:00,2025-03-25 23:00:00+00:00,49,-0.31051470777884277,-0.17739538401667065,0.4637883008356546,8,718
11,0.55,0.35,2024-11-26 00:00:00+00:00,2025-02-24 00:00:00+00:00,2025-03-25 23:00:00+00:00,49,-0.19427217950912726,-0.18101390464554812,0.4582172701949861,5,718
11,0.55,0.3,2024-11-26 00:00:00+00:00,2025-02-24 00:00:00+00:00,2025-03-25 23:00:00+00:00,49,-0.31554098396268027,-0.18101390464554812,0.44707520891364905,0,718
11,0.55,0.25,2024-11-26 00:00:00+00:00,2025-02-24 00:00:00+00:00,2025-03-25 23:00:00+00:00,49,-0.3285003077916603,-0.18101390464554812,0.4456824512534819,0,718
11,0.6,0.45,2024-11-26 00:00:00+00:00,2025-02-24 00:00:00+00:00,2025-03-25 23:00:00+00:00,49,0.2831536278294183,-0.15182661713777434,0.4401114206128134,10,718
11,0.6,0.4,2024-11-26 00:00:00+00:00,2025-02-24 00:00:00+00:00,2025-03-25 23:00:00+00:00,49,0.4067793702120391,-0.1510229114306384,0.42896935933147634,6,718
11,0.6,0.35,2024-11-26 00:00:00+00:00,2025-02-24 00:00:00+00:00,2025-03-25 23:00:00+00:00,49,0.5340695146063702,-0.15464143205951586,0.4233983286908078,4,718
11,0.6,0.3,2024-11-26 00:00:00+00:00,2025-02-24 00:00:00+00:00,2025-03-25 23:00:00+00:00,49,0.399880574029632,-0.15464143205951586,0.41225626740947074,0,718
11,0.6,0.25,2024-11-26 00:00:00+00:00,2025-02-24 00:00:00+00:00,2025-03-25 23:00:00+00:00,49,0.3857853673408101,-0.15464143205951586,0.41086350974930363,0,718
11,0.65,0.45,2024-11-26 00:00:00+00:00,2025-02-24 00:00:00+00:00,2025-03-25 23:00:00+00:00,49,-0.031648617929333,-0.13288947776363702,0.3983286908077994,7,718
11,0.65,0.4,2024-11-26 00:00:00+00:00,2025-02-24 00:00:00+00:00,2025-03-25 23:00:00+00:00,49,0.0882960465827441,-0.13288947776363702,0.3871866295264624,4,718
11,0.65,0.35,2024-11-26 00:00:00+00:00,2025-02-24 00:00:00+00:00,2025-03-25 23:00:00+00:00,49,0.21362553100546572,-0.13650799839251448,0.3816155988857939,3,718
11,0.65,0.3,2024-11-26 00:00:00+00:00,2025-02-24 00:00:00+00:00,2025-03-25 23:00:00+00:00,49,0.06767746764605576,-0.13650799839251448,0.37047353760445684,0,718
11,0.65,0.25,2024-11-26 00:00:00+00:00,2025-02-24 00:00:00+00:00,2025-03-25 23:00:00+00:00,49,0.052963440221770526,-0.13650799839251448,0.36908077994428967,0,718
11,0.7,0.45,2024-11-26 00:00:00+00:00,2025-02-24 00:00:00+00:00,2025-03-25 23:00:00+00:00,49,-0.25560874168892744,-0.1399436107835791,0.3328690807799443,3,718
11,0.7,0.4,2024-11-26 00:00:00+00:00,2025-02-24 00:00:00+00:00,2025-03-25 23:00:00+00:00,49,-0.1440936840177963,-0.13964201962060951,0.32172701949860727,2,718
11,0.7,0.35,2024-11-26 00:00:00+00:00,2025-02-24 00:00:00+00:00,2025-03-25 23:00:00+00:00,49,-0.020806680511051397,-0.13827861658680085,0.3161559888579387,2,718
11,0.7,0.3,2024-11-26 00:00:00+00:00,2025-02-24 00:00:00+00:00,2025-03-25 23:00:00+00:00,49,-0.17863639234320128,-0.1517793545474878,0.3050139275766017,0,718
11,0.7,0.25,2024-11-26 00:00:00+00:00,2025-02-24 00:00:00+00:00,2025-03-25 23:00:00+00:00,49,-0.19395910780878897,-0.1513205785187154,0.30362116991643456,0,718
11,0.75,0.45,2024-11-26 00:00:00+00:00,2025-02-24 00:00:00+00:00,2025-03-25 23:00:00+00:00,49,-0.06921261939325932,-0.10340590578937914,0.24651810584958217,1,718
11,0.75,0.4,2024-11-26 00:00:00+00:00,2025-02-24 00:00:00+00:00,2025-03-25 23:00:00+00:00,49,0.05467010591280492,-0.10230060891927362,0.23537604456824512,1,718
11,0.75,0.35,2024-11-26 00:00:00+00:00,2025-02-24 00:00:00+00:00,2025-03-25 23:00:00+00:00,49,0.19709557381347373,-0.10484841979280801,0.2298050139275766,1,718
11,0.75,0.3,2024-11-26 00:00:00+00:00,2025-02-24 00:00:00+00:00,2025-03-25 23:00:00+00:00,49,0.01263151335314976,-0.11443794384615191,0.21866295264623956,0,718
11,0.75,0.25,2024-11-26 00:00:00+00:00,2025-02-24 00:00:00+00:00,2025-03-25 23:00:00+00:00,49,-0.004830227560679981,-0.11397916781737949,0.21727019498607242,0,718
12,0.55,0.45,2024-12-26 00:00:00+00:00,2025-03-26 00:00:00+00:00,2025-04-24 23:00:00+00:00,49,-0.07010481572498883,-0.12088282867582612,0.34449093444909346,20,717
12,0.55,0.4,2024-12-26 00:00:00+00:00,2025-03-26 00:00:00+00:00,2025-04-24 23:00:00+00:00,49,-0.12166258603767234,-0.1209385489468835,0.28730822873082285,6,717
12,0.55,0.35,2024-12-26 00:00:00+00:00,2025-03-26 00:00:00+00:00,2025-04-24 23:00:00+00:00,49,0.37355507533195403,-0.10077010676873432,0.2580195258019526,2,717
12,0.55,0.3,2024-12-26 00:00:00+00:00,2025-03-26 00:00:00+00:00,2025-04-24 23:00:00+00:00,49,0.42975423102911786,-0.10275531342795063,0.24267782426778242,2,717
12,0.55,0.25,2024-12-26 00:00:00+00:00,2025-03-26 00:00:00+00:00,2025-04-24 23:00:00+00:00,49,0.499524514469788,-0.10046058246537393,0.23430962343096234,1,717
12,0.6,0.45,2024-12-26 00:00:00+00:00,2025-03-26 00:00:00+00:00,2025-04-24 23:00:00+00:00,49,0.4147603017864075,-0.12338086311434393,0.2789400278940028,10,717
12,0.6,0.4,2024-12-26 00:00:00+00:00,2025-03-26 00:00:00+00:00,2025-04-24 23:00:00+00:00,49,0.33163791096816847,-0.1065077847812348,0.2217573221757322,3,717
12,0.6,0.35,2024-12-26 00:00:00+00:00,2025-03-26 00:00:00+00:00,2025-04-24 23:00:00+00:00,49,0.9742649062865691,-0.10900069762876186,0.19246861924686193,0,717
12,0.6,0.3,2024-12-26 00:00:00+00:00,2025-03-26 00:00:00+00:00,2025-04-24 23:00:00+00:00,49,1.0572237762917132,-0.11098590428797817,0.17712691771269176,0,717
12,0.6,0.25,2024-12-26 00:00:00+00:00,2025-03-26 00:00:00+00:00,2025-04-24 23:00:00+00:00,49,1.1383674805667674,-0.10869117332540146,0.16875871687587168,0,717
12,0.65,0.45,2024-12-26 00:00:00+00:00,2025-03-26 00:00:00+00:00,2025-04-24 23:00:00+00:00,49,0.19215239538295192,-0.08455785541801608,0.22454672245467225,6,717
12,0.65,0.4,2024-12-26 00:00:00+00:00,2025-03-26 00:00:00+00:00,2025-04-24 23:00:00+00:00,49,0.07629682417942929,-0.07607735340263255,0.16736401673640167,1,717
12,0.65,0.35,2024-12-26 00:00:00+00:00,2025-03-26 00:00:00+00:00,2025-04-24 23:00:00+00:00,49,0.7363032366923935,-0.07901676897535737,0.13807531380753138,0,717
12,0.65,0.3,2024-12-26 00:00:00+00:00,2025-03-26 00:00:00+00:00,2025-04-24 23:00:00+00:00,49,0.8254945544327934,-0.08100197563457368,0.12273361227336123,0,717
12,0.65,0.25,2024-12-26 00:00:00+00:00,2025-03-26 00:00:00+00:00,2025-04-24 23:00:00+00:00,49,0.915688687134366,-0.07870724467199697,0.11436541143654114,0,717
12,0.7,0.45,2024-12-26 00:00:00+00:00,2025-03-26 00:00:00+00:00,2025-04-24 23:00:00+00:00,49,0.2648163189990144,-0.061776312249486875,0.18828451882845187,2,717
12,0.7,0.4,2024-12-26 00:00:00+00:00,2025-03-26 00:00:00+00:00,2025-04-24 23:00:00+00:00,49,0.10895152261980517,-0.05736218887899436,0.13110181311018132,1,717
12,0.7,0.35,2024-12-26 00:00:00+00:00,2025-03-26 00:00:00+00:00,2025-04-24 23:00:00+00:00,49,0.8961291667644097,-0.0642990119146748,0.10181311018131102,0,717
12,0.7,0.3,2024-12-26 00:00:00+00:00,2025-03-26 00:00:00+00:00,2025-04-24 23:00:00+00:00,49,1.014164671100951,-0.06628421857389111,0.08647140864714087,0,717
12,0.7,0.25,2024-12-26 00:00:00+00:00,2025-03-26 00:00:00+00:00,2025-04-24 23:00:00+00:00,49,1.1269123046329161,-0.0639894876113144,0.07810320781032078,0,717
12,0.75,0.45,2024-12-26 00:00:00+00:00,2025-03-26 00:00:00+00:00,2025-04-24 23:00:00+00:00,49,0.1007781112382019,-0.06606526312989913,0.15341701534170155,0,717
12,0.75,0.4,2024-12-26 00:00:00+00:00,2025-03-26 00:00:00+00:00,2025-04-24 23:00:00+00:00,49,-0.09668673534856166,-0.06117612192803856,0.09623430962343096,0,717
12,0.75,0.35,2024-12-26 00:00:00+00:00,2025-03-26 00:00:00+00:00,2025-04-24 23:00:00+00:00,49,0.7887203709059113,-0.0312331326043932,0.06694560669456066,0,717
12,0.75,0.3,2024-12-26 00:00:00+00:00,2025-03-26 00:00:00+00:00,2025-04-24 23:00:00+00:00,49,0.9408221965895852,-0.03321833926360951,0.05160390516039052,0,717
12,0.75,0.25,2024-12-26 00:00:00+00:00,2025-03-26 00:00:00+00:00,2025-04-24 23:00:00+00:00,49,1.0863614465446043,-0.0309236083010328,0.043235704323570434,0,717
13,0.55,0.45,2025-01-25 00:00:00+00:00,2025-04-25 00:00:00+00:00,2025-05-24 23:00:00+00:00,49,-0.32310521578158713,-0.07859251146246427,0.3300699300699301,26,715
13,0.55,0.4,2025-01-25 00:00:00+00:00,2025-04-25 00:00:00+00:00,2025-05-24 23:00:00+00:00,49,-0.13058465256835028,-0.061163977186269425,0.25594405594405595,14,715
13,0.55,0.35,2025-01-25 00:00:00+00:00,2025-04-25 00:00:00+00:00,2025-05-24 23:00:00+00:00,49,1.0595929579235233,-0.02171592543299483,0.1916083916083916,3,715
13,0.55,0.3,2025-01-25 00:00:00+00:00,2025-04-25 00:00:00+00:00,2025-05-24 23:00:00+00:00,49,1.3926572045889578,-0.024899071878846324,0.14265734265734265,0,715
13,0.55,0.25,2025-01-25 00:00:00+00:00,2025-04-25 00:00:00+00:00,2025-05-24 23:00:00+00:00,49,1.7204132024065224,-0.027864567609374502,0.12167832167832168,0,715
13,0.6,0.45,2025-01-25 00:00:00+00:00,2025-04-25 00:00:00+00:00,2025-05-24 23:00:00+00:00,49,-0.5768976106488086,-0.10441087989947917,0.2727272727272727,9,715
13,0.6,0.4,2025-01-25 00:00:00+00:00,2025-04-25 00:00:00+00:00,2025-05-24 23:00:00+00:00,49,-0.47941961587512666,-0.08662077850925232,0.1986013986013986,5,715
13,0.6,0.35,2025-01-25 00:00:00+00:00,2025-04-25 00:00:00+00:00,2025-05-24 23:00:00+00:00,49,0.6414599857655957,-0.045908892461002604,0.13426573426573427,1,715
13,0.6,0.3,2025-01-25 00:00:00+00:00,2025-04-25 00:00:00+00:00,2025-05-24 23:00:00+00:00,49,0.9165550671628555,-0.02514467678989929,0.08531468531468532,0,715
13,0.6,0.25,2025-01-25 00:00:00+00:00,2025-04-25 00:00:00+00:00,2025-05-24 23:00:00+00:00,49,1.2640346192050487,-0.016489710442085026,0.06433566433566433,0,715
13,0.65,0.45,2025-01-25 00:00:00+00:00,2025-04-25 00:00:00+00:00,2025-05-24 23:00:00+00:00,49,-0.6356319673550082,-0.11542125242935908,0.24615384615384617,2,715
13,0.65,0.4,2025-01-25 00:00:00+00:00,2025-04-25 00:00:00+00:00,2025-05-24 23:00:00+00:00,49,-0.5625453771530323,-0.10248971582906008,0.17202797202797201,0,715
13,0.65,0.35,2025-01-25 00:00:00+00:00,2025-04-25 00:00:00+00:00,2025-05-24 23:00:00+00:00,49,0.6057976078705448,-0.05730452898625116,0.1076923076923077,0,715
13,0.65,0.3,2025-01-25 00:00:00+00:00,2025-04-25 00:00:00+00:00,2025-05-24 23:00:00+00:00,49,0.9317373938643713,-0.036486933607686844,0.05874125874125874,0,715
13,0.65,0.25,2025-01-25 00:00:00+00:00,2025-04-25 00:00:00+00:00,2025-05-24 23:00:00+00:00,49,1.3838905945975462,-0.02883608560453188,0.03776223776223776,0,715
13,0.7,0.45,2025-01-25 00:00:00+00:00,2025-04-25 00:00:00+00:00,2025-05-24 23:00:00+00:00,49,-0.3697881465636069,-0.09582107770311221,0.24195804195804196,1,715
13,0.7,0.4,2025-01-25 00:00:00+00:00,2025-04-25 00:00:00+00:00,2025-05-24 23:00:00+00:00,49,-0.27978475613459836,-0.08506343219605339,0.16783216783216784,0,715
13,0.7,0.35,2025-01-25 00:00:00+00:00,2025-04-25 00:00:00+00:00,2025-05-24 23:00:00+00:00,49,1.0058681503694777,-0.037319090264635646,0.1034965034965035,0,715
13,0.7,0.3,2025-01-25 00:00:00+00:00,2025-04-25 00:00:00+00:00,2025-05-24 23:00:00+00:00,49,1.485480814205875,-0.019387757908637338,0.05454545454545454,0,715
13,0.7,0.25,2025-01-25 00:00:00+00:00,2025-04-25 00:00:00+00:00,2025-05-24 23:00:00+00:00,49,2.052186124292848,-0.014684453481519588,0.033566433566433566,0,715
13,0.75,0.45,2025-01-25 00:00:00+00:00,2025-04-25 00:00:00+00:00,2025-05-24 23:00:00+00:00,49,-0.6106317344316196,-0.09750345963390117,0.23496503496503496,0,715
13,0.75,0.4,2025-01-25 00:00:00+00:00,2025-04-25 00:00:00+00:00,2025-05-24 23:00:00+00:00,49,-0.5573850434737756,-0.08987508156282087,0.16083916083916083,0,715
13,0.75,0.35,2025-01-25 00:00:00+00:00,2025-04-25 00:00:00+00:00,2025-05-24 23:00:00+00:00,49,0.6887412137078373,-0.03865562609440398,0.0965034965034965,0,715
13,0.75,0.3,2025-01-25 00:00:00+00:00,2025-04-25 00:00:00+00:00,2025-05-24 23:00:00+00:00,49,1.106216541045272,-0.01942885147182194,0.04755244755244755,0,715
13,0.75,0.25,2025-01-25 00:00:00+00:00,2025-04-25 00:00:00+00:00,2025-05-24 23:00:00+00:00,49,1.6824400240002673,-0.014684453481519588,0.026573426573426574,0,715
14,0.55,0.45,2025-02-24 00:00:00+00:00,2025-05-25 00:00:00+00:00,2025-06-23 23:00:00+00:00,49,0.21846859484703918,-0.05526500006815249,0.31932773109243695,21,714
14,0.55,0.4,2025-02-24 00:00:00+00:00,2025-05-25 00:00:00+00:00,2025-06-23 23:00:00+00:00,49,0.3455671185764548,-0.04963561082414747,0.2338935574229692,7,714
14,0.55,0.35,2025-02-24 00:00:00+00:00,2025-05-25 00:00:00+00:00,2025-06-23 23:00:00+00:00,49,0.5414547117828686,-0.05195064396522009,0.16246498599439776,0,714
14,0.55,0.3,2025-02-24 00:00:00+00:00,2025-05-25 00:00:00+00:00,2025-06-23 23:00:00+00:00,49,0.5598521190691724,-0.047392688968101226,0.14145658263305322,0,714
14,0.55,0.25,2025-02-24 00:00:00+00:00,2025-05-25 00:00:00+00:00,2025-06-23 23:00:00+00:00,49,0.8258297780652433,-0.04650456410876247,0.12464985994397759,0,714
14,0.6,0.45,2025-02-24 00:00:00+00:00,2025-05-25 00:00:00+00:00,2025-06-23 23:00:00+00:00,49,-0.06014294530503747,-0.06742686019809929,0.2647058823529412,9,714
14,0.6,0.4,2025-02-24 00:00:00+00:00,2025-05-25 00:00:00+00:00,2025-06-23 23:00:00+00:00,49,-0.05882055778281786,-0.059994950322066254,0.1792717086834734,2,714
14,0.6,0.35,2025-02-24 00:00:00+00:00,2025-05-25 00:00:00+00:00,2025-06-23 23:00:00+00:00,49,0.028329274916499322,-0.05913553053614329,0.10784313725490197,0,714
14,0.6,0.3,2025-02-24 00:00:00+00:00,2025-05-25 00:00:00+00:00,2025-06-23 23:00:00+00:00,49,0.036241799398116864,-0.05474819699589584,0.08683473389355742,0,714
14,0.6,0.25,2025-02-24 00:00:00+00:00,2025-05-25 00:00:00+00:00,2025-06-23 23:00:00+00:00,49,0.3063090224280992,-0.050408719615116504,0.0700280112044818,0,714
14,0.65,0.45,2025-02-24 00:00:00+00:00,2025-05-25 00:00:00+00:00,2025-06-23 23:00:00+00:00,49,-0.9161845709211756,-0.11054619738063709,0.22969187675070027,4,714
14,0.65,0.4,2025-02-24 00:00:00+00:00,2025-05-25 00:00:00+00:00,2025-06-23 23:00:00+00:00,49,-1.1594969167486675,-0.09835193887556981,0.14425770308123248,1,714
14,0.65,0.35,2025-02-24 00:00:00+00:00,2025-05-25 00:00:00+00:00,2025-06-23 23:00:00+00:00,49,-1.3203029932876127,-0.08454846990221865,0.07282913165266107,0,714
14,0.65,0.3,2025-02-24 00:00:00+00:00,2025-05-25 00:00:00+00:00,2025-06-23 23:00:00+00:00,49,-1.3708474775949537,-0.0801611363619712,0.05182072829131653,0,714
14,0.65,0.25,2025-02-24 00:00:00+00:00,2025-05-25 00:00:00+00:00,2025-06-23 23:00:00+00:00,49,-1.2656215225506802,-0.062440668051445214,0.0350140056022409,0,714
14,0.7,0.45,2025-02-24 00:00:00+00:00,2025-05-25 00:00:00+00:00,2025-06-23 23:00:00+00:00,49,-1.1432077514147532,-0.11072975974596055,0.21288515406162464,2,714
14,0.7,0.4,2025-02-24 00:00:00+00:00,2025-05-25 00:00:00+00:00,2025-06-23 23:00:00+00:00,49,-1.495826060085653,-0.09853550124089328,0.12745098039215685,1,714
14,0.7,0.35,2025-02-24 00:00:00+00:00,2025-05-25 00:00:00+00:00,2025-06-23 23:00:00+00:00,49,-1.7771335841317302,-0.08703543617708032,0.056022408963585436,0,714
14,0.7,0.3,2025-02-24 00:00:00+00:00,2025-05-25 00:00:00+00:00,2025-06-23 23:00:00+00:00,49,-1.8630506434597511,-0.08264810263683287,0.0350140056022409,0,714
14,0.7,0.25,2025-02-24 00:00:00+00:00,2025-05-25 00:00:00+00:00,2025-06-23 23:00:00+00:00,49,-1.8825005196036964,-0.05706767431060478,0.018207282913165267,0,714
14,0.75,0.45,2025-02-24 00:00:00+00:00,2025-05-25 00:00:00+00:00,2025-06-23 23:00:00+00:00,49,-1.1937609067615398,-0.10899236244245913,0.20448179271708683,0,714
14,0.75,0.4,2025-02-24 00:00:00+00:00,2025-05-25 00:00:00+00:00,2025-06-23 23:00:00+00:00,49,-1.588917112155929,-0.09679810393739186,0.11904761904761904,0,714
14,0.75,0.35,2025-02-24 00:00:00+00:00,2025-05-25 00:00:00+00:00,2025-06-23 23:00:00+00:00,49,-1.9398450737470778,-0.0804493424581747,0.047619047619047616,0,714
14,0.75,0.3,2025-02-24 00:00:00+00:00,2025-05-25 00:00:00+00:00,2025-06-23 23:00:00+00:00,49,-2.042680140268491,-0.07606200891792725,0.02661064425770308,0,714
14,0.75,0.25,2025-02-24 00:00:00+00:00,2025-05-25 00:00:00+00:00,2025-06-23 23:00:00+00:00,49,-2.129842871441926,-0.05928001711471964,0.00980392156862745,0,714
15,0.55,0.45,2025-03-26 00:00:00+00:00,2025-06-24 00:00:00+00:00,2025-07-23 23:00:00+00:00,49,-0.9736222246269806,-0.0892828880735177,0.3585434173669468,22,714
15,0.55,0.4,2025-03-26 00:00:00+00:00,2025-06-24 00:00:00+00:00,2025-07-23 23:00:00+00:00,49,-0.9862082754411958,-0.08278030994977537,0.2913165266106443,8,714
15,0.55,0.35,2025-03-26 00:00:00+00:00,2025-06-24 00:00:00+00:00,2025-07-23 23:00:00+00:00,49,-0.49649214892062243,-0.04309526199713376,0.2507002801120448,4,714
15,0.55,0.3,2025-03-26 00:00:00+00:00,2025-06-24 00:00:00+00:00,2025-07-23 23:00:00+00:00,49,-0.41758255763649227,-0.044613015957387536,0.21008403361344538,2,714
15,0.55,0.25,2025-03-26 00:00:00+00:00,2025-06-24 00:00:00+00:00,2025-07-23 23:00:00+00:00,49,-0.25794026684765997,-0.02999777130433623,0.15266106442577032,0,714
15,0.6,0.45,2025-03-26 00:00:00+00:00,2025-06-24 00:00:00+00:00,2025-07-23 23:00:00+00:00,49,-1.1013159816446405,-0.10924993326224541,0.3011204481792717,5,714
15,0.6,0.4,2025-03-26 00:00:00+00:00,2025-06-24 00:00:00+00:00,2025-07-23 23:00:00+00:00,49,-1.317643849804028,-0.1079328021283037,0.2338935574229692,3,714
15,0.6,0.35,2025-03-26 00:00:00+00:00,2025-06-24 00:00:00+00:00,2025-07-23 23:00:00+00:00,49,-0.8469023648388149,-0.06601861867871694,0.19327731092436976,2,714
15,0.6,0.3,2025-03-26 00:00:00+00:00,2025-06-24 00:00:00+00:00,2025-07-23 23:00:00+00:00,49,-0.80700220195833,-0.05124723279915844,0.15266106442577032,0,714
15,0.6,0.25,2025-03-26 00:00:00+00:00,2025-06-24 00:00:00+00:00,2025-07-23 23:00:00+00:00,49,-0.823123238927217,-0.04089802823631161,0.09523809523809523,0,714
15,0.65,0.45,2025-03-26 00:00:00+00:00,2025-06-24 00:00:00+00:00,2025-07-23 23:00:00+00:00,49,-0.9602385590347314,-0.0901048738072251,0.2773109243697479,0,714
15,0.65,0.4,2025-03-26 00:00:00+00:00,2025-06-24 00:00:00+00:00,2025-07-23 23:00:00+00:00,49,-1.2107532278836135,-0.08465114705794663,0.21008403361344538,0,714
15,0.65,0.35,2025-03-26 00:00:00+00:00,2025-06-24 00:00:00+00:00,2025-07-23 23:00:00+00:00,49,-0.7185421376468053,-0.04273696360835988,0.16946778711484595,0,714
15,0.65,0.3,2025-03-26 00:00:00+00:00,2025-06-24 00:00:00+00:00,2025-07-23 23:00:00+00:00,49,-0.7067551118779889,-0.03398054792139371,0.12885154061624648,0,714
15,0.65,0.25,2025-03-26 00:00:00+00:00,2025-06-24 00:00:00+00:00,2025-07-23 23:00:00+00:00,49,-0.7299636255669163,-0.020095376639962415,0.07142857142857142,0,714
15,0.7,0.45,2025-03-26 00:00:00+00:00,2025-06-24 00:00:00+00:00,2025-07-23 23:00:00+00:00,49,-1.0803245753315445,-0.09228204644905613,0.2703081232492997,0,714
15,0.7,0.4,2025-03-26 00:00:00+00:00,2025-06-24 00:00:00+00:00,2025-07-23 23:00:00+00:00,49,-1.3498375489019971,-0.08682831969977767,0.2030812324929972,0,714
15,0.7,0.35,2025-03-26 00:00:00+00:00,2025-06-24 00:00:00+00:00,2025-07-23 23:00:00+00:00,49,-0.8725151240116663,-0.04649433768960498,0.16246498599439776,0,714
15,0.7,0.3,2025-03-26 00:00:00+00:00,2025-06-24 00:00:00+00:00,2025-07-23 23:00:00+00:00,49,-0.8886863336432081,-0.040080935710937404,0.12184873949579832,0,714
15,0.7,0.25,2025-03-26 00:00:00+00:00,2025-06-24 00:00:00+00:00,2025-07-23 23:00:00+00:00,49,-1.043187535772374,-0.024482491236103576,0.06442577030812324,0,714
15,0.75,0.45,2025-03-26 00:00:00+00:00,2025-06-24 00:00:00+00:00,2025-07-23 23:00:00+00:00,49,-1.1171527902932927,-0.09431202358064117,0.2647058823529412,0,714
15,0.75,0.4,2025-03-26 00:00:00+00:00,2025-06-24 00:00:00+00:00,2025-07-23 23:00:00+00:00,49,-1.3910441227687684,-0.0888582968313627,0.19747899159663865,0,714
15,0.75,0.35,2025-03-26 00:00:00+00:00,2025-06-24 00:00:00+00:00,2025-07-23 23:00:00+00:00,49,-0.9199362779766962,-0.04854589432620937,0.1568627450980392,0,714
15,0.75,0.3,2025-03-26 00:00:00+00:00,2025-06-24 00:00:00+00:00,2025-07-23 23:00:00+00:00,49,-0.9440815888480938,-0.042132492347541795,0.11624649859943978,0,714
15,0.75,0.25,2025-03-26 00:00:00+00:00,2025-06-24 00:00:00+00:00,2025-07-23 23:00:00+00:00,49,-1.1335118110641704,-0.026534047872707966,0.058823529411764705,0,714
16,0.55,0.45,2025-04-25 00:00:00+00:00,2025-07-24 00:00:00+00:00,2025-08-22 23:00:00+00:00,49,0.9944801324547273,-0.05061631143655698,0.35048678720445064,20,719
16,0.55,0.4,2025-04-25 00:00:00+00:00,2025-07-24 00:00:00+00:00,2025-08-22 23:00:00+00:00,49,1.6960636898662758,-0.029914275817122804,0.26842837273991654,7,719
16,0.55,0.35,2025-04-25 00:00:00+00:00,2025-07-24 00:00:00+00:00,2025-08-22 23:00:00+00:00,49,1.752498097859629,-0.028638800201785886,0.23504867872044508,4,719
16,0.55,0.3,2025-04-25 00:00:00+00:00,2025-07-24 00:00:00+00:00,2025-08-22 23:00:00+00:00,49,1.5900351724130228,-0.028638800201785886,0.21835883171070933,0,719
16,0.55,0.25,2025-04-25 00:00:00+00:00,2025-07-24 00:00:00+00:00,2025-08-22 23:00:00+00:00,49,1.340205579392092,-0.028638800201785886,0.2114047287899861,0,719
16,0.6,0.45,2025-04-25 00:00:00+00:00,2025-07-24 00:00:00+00:00,2025-08-22 23:00:00+00:00,49,0.8666836873773804,-0.030240265380188647,0.26564673157162727,7,719
16,0.6,0.4,2025-04-25 00:00:00+00:00,2025-07-24 00:00:00+00:00,2025-08-22 23:00:00+00:00,49,1.7064112242293201,-0.024906415974845775,0.1835883171070932,2,719
16,0.6,0.35,2025-04-25 00:00:00+00:00,2025-07-24 00:00:00+00:00,2025-08-22 23:00:00+00:00,49,1.7681083009291405,-0.024906415974845775,0.1502086230876217,1,719
16,0.6,0.3,2025-04-25 00:00:00+00:00,2025-07-24 00:00:00+00:00,2025-08-22 23:00:00+00:00,49,1.5085678799849689,-0.024906415974845775,0.13351877607788595,0,719
16,0.6,0.25,2025-04-25 00:00:00+00:00,2025-07-24 00:00:00+00:00,2025-08-22 23:00:00+00:00,49,1.1694456483540034,-0.024906415974845775,0.12656467315716272,0,719
16,0.65,0.45,2025-04-25 00:00:00+00:00,2025-07-24 00:00:00+00:00,2025-08-22 23:00:00+00:00,49,1.522601861829238,-0.030211070152691866,0.21696801112656466,2,719
16,0.65,0.4,2025-04-25 00:00:00+00:00,2025-07-24 00:00:00+00:00,2025-08-22 23:00:00+00:00,49,2.75715904519876,-0.011691517662866135,0.1349095966620306,0,719
16,0.65,0.35,2025-04-25 00:00:00+00:00,2025-07-24 00:00:00+00:00,2025-08-22 23:00:00+00:00,49,2.895127483899065,-0.011691517662866135,0.10152990264255911,0,719
16,0.65,0.3,2025-04-25 00:00:00+00:00,2025-07-24 00:00:00+00:00,2025-08-22 23:00:00+00:00,49,2.634642015341134,-0.011691517662866135,0.08484005563282336,0,719
16,0.65,0.25,2025-04-25 00:00:00+00:00,2025-07-24 00:00:00+00:00,2025-08-22 23:00:00+00:00,49,2.3056668139022314,-0.011691517662866135,0.07788595271210014,0,719
16,0.7,0.45,2025-04-25 00:00:00+00:00,2025-07-24 00:00:00+00:00,2025-08-22 23:00:00+00:00,49,1.178384860958832,-0.03232622350603376,0.18636995827538247,0,719
16,0.7,0.4,2025-04-25 00:00:00+00:00,2025-07-24 00:00:00+00:00,2025-08-22 23:00:00+00:00,49,2.583430631672271,-0.011691517662866135,0.1043115438108484,0,719
16,0.7,0.35,2025-04-25 00:00:00+00:00,2025-07-24 00:00:00+00:00,2025-08-22 23:00:00+00:00,49,2.7949599671477405,-0.011691517662866135,0.07093184979137691,0,719
16,0.7,0.3,2025-04-25 00:00:00+00:00,2025-07-24 00:00:00+00:00,2025-08-22 23:00:00+00:00,49,2.51248524958911,-0.011691517662866135,0.054242002781641166,0,719
16,0.7,0.25,2025-04-25 00:00:00+00:00,2025-07-24 00:00:00+00:00,2025-08-22 23:00:00+00:00,49,2.14019804938247,-0.011691517662866135,0.04728789986091794,0,719
16,0.75,0.45,2025-04-25 00:00:00+00:00,2025-07-24 00:00:00+00:00,2025-08-22 23:00:00+00:00,49,0.9294297030141125,-0.04710968077183886,0.16828929068150209,0,719
16,0.75,0.4,2025-04-25 00:00:00+00:00,2025-07-24 00:00:00+00:00,2025-08-22 23:00:00+00:00,49,2.466257544602879,-0.018516552684801346,0.08623087621696801,0,719
16,0.75,0.35,2025-04-25 00:00:00+00:00,2025-07-24 00:00:00+00:00,2025-08-22 23:00:00+00:00,49,2.7556296463692562,-0.010999956757257179,0.05285118219749652,0,719
16,0.75,0.3,2025-04-25 00:00:00+00:00,2025-07-24 00:00:00+00:00,2025-08-22 23:00:00+00:00,49,2.4816787669093374,-0.010999956757257179,0.03616133518776078,0,719
16,0.75,0.25,2025-04-25 00:00:00+00:00,2025-07-24 00:00:00+00:00,2025-08-22 23:00:00+00:00,49,2.1339532578123994,-0.010999956757257179,0.02920723226703755,0,719
17,0.55,0.45,2025-05-25 00:00:00+00:00,2025-08-23 00:00:00+00:00,2025-09-21 23:00:00+00:00,49,2.1520657088868664,-0.02482577001318298,0.3226256983240223,18,716
17,0.55,0.4,2025-05-25 00:00:00+00:00,2025-08-23 00:00:00+00:00,2025-09-21 23:00:00+00:00,49,1.9735415470594062,-0.037610820241663956,0.2639664804469274,7,716
17,0.55,0.35,2025-05-25 00:00:00+00:00,2025-08-23 00:00:00+00:00,2025-09-21 23:00:00+00:00,49,1.6050420259509837,-0.03552289291632915,0.21787709497206703,1,716
17,0.55,0.3,2025-05-25 00:00:00+00:00,2025-08-23 00:00:00+00:00,2025-09-21 23:00:00+00:00,49,1.8271006879618337,-0.027194715210045795,0.19832402234636873,0,716
17,0.55,0.25,2025-05-25 00:00:00+00:00,2025-08-23 00:00:00+00:00,2025-09-21 23:00:00+00:00,49,1.7786221506219737,-0.027194715210045795,0.1941340782122905,0,716
17,0.6,0.45,2025-05-25 00:00:00+00:00,2025-08-23 00:00:00+00:00,2025-09-21 23:00:00+00:00,49,1.6940213070422454,-0.028610668039983578,0.24860335195530725,8,716
17,0.6,0.4,2025-05-25 00:00:00+00:00,2025-08-23 00:00:00+00:00,2025-09-21 23:00:00+00:00,49,1.3750378632680142,-0.03322520252452332,0.18994413407821228,2,716
17,0.6,0.35,2025-05-25 00:00:00+00:00,2025-08-23 00:00:00+00:00,2025-09-21 23:00:00+00:00,49,0.8149804001496502,-0.030555191400507442,0.14385474860335196,0,716
17,0.6,0.3,2025-05-25 00:00:00+00:00,2025-08-23 00:00:00+00:00,2025-09-21 23:00:00+00:00,49,1.022285107453936,-0.024802225484928497,0.12430167597765363,0,716
17,0.6,0.25,2025-05-25 00:00:00+00:00,2025-08-23 00:00:00+00:00,2025-09-21 23:00:00+00:00,49,0.9630023520674749,-0.024802225484928497,0.12011173184357542,0,716
17,0.65,0.45,2025-05-25 00:00:00+00:00,2025-08-23 00:00:00+00:00,2025-09-21 23:00:00+00:00,49,1.782855896702742,-0.028331375051814267,0.18994413407821228,3,716
17,0.65,0.4,2025-05-25 00:00:00+00:00,2025-08-23 00:00:00+00:00,2025-09-21 23:00:00+00:00,49,1.393938826656974,-0.03660817296394048,0.13128491620111732,1,716
17,0.65,0.35,2025-05-25 00:00:00+00:00,2025-08-23 00:00:00+00:00,2025-09-21 23:00:00+00:00,49,0.6727726575195171,-0.022493812082577058,0.08519553072625698,0,716
17,0.65,0.3,2025-05-25 00:00:00+00:00,2025-08-23 00:00:00+00:00,2025-09-21 23:00:00+00:00,49,1.0291699391788107,-0.011589222677839461,0.06564245810055866,0,716
17,0.65,0.25,2025-05-25 00:00:00+00:00,2025-08-23 00:00:00+00:00,2025-09-21 23:00:00+00:00,49,0.9357229800281515,-0.011589222677839461,0.061452513966480445,0,716
17,0.7,0.45,2025-05-25 00:00:00+00:00,2025-08-23 00:00:00+00:00,2025-09-21 23:00:00+00:00,49,1.564220096786515,-0.03167061618049505,0.1564245810055866,2,716
17,0.7,0.4,2025-05-25 00:00:00+00:00,2025-08-23 00:00:00+00:00,2025-09-21 23:00:00+00:00,49,1.0854257275199073,-0.04194428630319513,0.09776536312849161,1,716
17,0.7,0.35,2025-05-25 00:00:00+00:00,2025-08-23 00:00:00+00:00,2025-09-21 23:00:00+00:00,49,0.14817089200994013,-0.027744758953517246,0.051675977653631286,0,716
17,0.7,0.3,2025-05-25 00:00:00+00:00,2025-08-23 00:00:00+00:00,2025-09-21 23:00:00+00:00,49,0.517899800194033,-0.013529017554645528,0.03212290502793296,0,716
17,0.7,0.25,2025-05-25 00:00:00+00:00,2025-08-23 00:00:00+00:00,2025-09-21 23:00:00+00:00,49,0.3856166987207106,-0.013529017554645528,0.027932960893854747,0,716
17,0.75,0.45,2025-05-25 00:00:00+00:00,2025-08-23 00:00:00+00:00,2025-09-21 23:00:00+00:00,49,1.6989845247224553,-0.033014037781671,0.13687150837988826,0,716
17,0.75,0.4,2025-05-25 00:00:00+00:00,2025-08-23 00:00:00+00:00,2025-09-21 23:00:00+00:00,49,1.2352487945913715,-0.03943943991166454,0.0782122905027933,0,716
17,0.75,0.35,2025-05-25 00:00:00+00:00,2025-08-23 00:00:00+00:00,2025-09-21 23:00:00+00:00,49,0.20690627346617224,-0.020745483894450967,0.03212290502793296,0,716
17,0.75,0.3,2025-05-25 00:00:00+00:00,2025-08-23 00:00:00+00:00,2025-09-21 23:00:00+00:00,49,0.9398529110865057,-0.005778752279746557,0.012569832402234637,0,716
17,0.75,0.25,2025-05-25 00:00:00+00:00,2025-08-23 00:00:00+00:00,2025-09-21 23:00:00+00:00,49,0.7195835515463863,-0.006968308284413971,0.008379888268156424,0,716
18,0.55,0.45,2025-06-24 00:00:00+00:00,2025-09-22 00:00:00+00:00,2025-10-21 23:00:00+00:00,49,-1.2467541933713824,-0.18643503192191246,0.45479833101529904,7,719
18,0.55,0.4,2025-06-24 00:00:00+00:00,2025-09-22 00:00:00+00:00,2025-10-21 23:00:00+00:00,49,-1.2615483870518087,-0.19260629616106195,0.4381084840055633,5,719
18,0.55,0.35,2025-06-24 00:00:00+00:00,2025-09-22 00:00:00+00:00,2025-10-21 23:00:00+00:00,49,-1.0298327152214095,-0.17584242392771854,0.4144645340751043,3,719
18,0.55,0.3,2025-06-24 00:00:00+00:00,2025-09-22 00:00:00+00:00,2025-10-21 23:00:00+00:00,49,-0.7960668052839648,-0.14560439228340594,0.3852573018080668,0,719
18,0.55,0.25,2025-06-24 00:00:00+00:00,2025-09-22 00:00:00+00:00,2025-10-21 23:00:00+00:00,49,-0.7775821880075866,-0.14532919861192384,0.36300417246175243,0,719
18,0.6,0.45,2025-06-24 00:00:00+00:00,2025-09-22 00:00:00+00:00,2025-10-21 23:00:00+00:00,49,-0.9959182843682319,-0.1553360441048568,0.43532684283727396,4,719
18,0.6,0.4,2025-06-24 00:00:00+00:00,2025-09-22 00:00:00+00:00,2025-10-21 23:00:00+00:00,49,-1.0222487778279736,-0.1605766586502385,0.41863699582753827,4,719
18,0.6,0.35,2025-06-24 00:00:00+00:00,2025-09-22 00:00:00+00:00,2025-10-21 23:00:00+00:00,49,-0.7896289401832066,-0.1438127864168951,0.3949930458970793,3,719
18,0.6,0.3,2025-06-24 00:00:00+00:00,2025-09-22 00:00:00+00:00,2025-10-21 23:00:00+00:00,49,-0.5453239410704218,-0.12835109860182714,0.3657858136300417,0,719
18,0.6,0.25,2025-06-24 00:00:00+00:00,2025-09-22 00:00:00+00:00,2025-10-21 23:00:00+00:00,49,-0.5232502720180905,-0.12835109860182714,0.3435326842837274,0,719
18,0.65,0.45,2025-06-24 00:00:00+00:00,2025-09-22 00:00:00+00:00,2025-10-21 23:00:00+00:00,49,-0.7074789115163815,-0.14446804604362928,0.4019471488178025,1,719
18,0.65,0.4,2025-06-24 00:00:00+00:00,2025-09-22 00:00:00+00:00,2025-10-21 23:00:00+00:00,49,-0.7304426246961976,-0.149708660589011,0.3852573018080668,1,719
18,0.65,0.35,2025-06-24 00:00:00+00:00,2025-09-22 00:00:00+00:00,2025-10-21 23:00:00+00:00,49,-0.4944435971858867,-0.1329447883556676,0.3616133518776078,1,719
18,0.65,0.3,2025-06-24 00:00:00+00:00,2025-09-22 00:00:00+00:00,2025-10-21 23:00:00+00:00,49,-0.2516448310373275,-0.11898825706687,0.33240611961057026,0,719
18,0.65,0.25,2025-06-24 00:00:00+00:00,2025-09-22 00:00:00+00:00,2025-10-21 23:00:00+00:00,49,-0.22499300490550353,-0.11898825706687,0.3101529902642559,0,719
18,0.7,0.45,2025-06-24 00:00:00+00:00,2025-09-22 00:00:00+00:00,2025-10-21 23:00:00+00:00,49,-0.6183280814832037,-0.1253619296767592,0.34492350486787204,0,719
18,0.7,0.4,2025-06-24 00:00:00+00:00,2025-09-22 00:00:00+00:00,2025-10-21 23:00:00+00:00,49,-0.6417918917255934,-0.12673299884203815,0.3282336578581363,0,719
18,0.7,0.35,2025-06-24 00:00:00+00:00,2025-09-22 00:00:00+00:00,2025-10-21 23:00:00+00:00,49,-0.390267816768946,-0.10405745544864176,0.3045897079276773,0,719
18,0.7,0.3,2025-06-24 00:00:00+00:00,2025-09-22 00:00:00+00:00,2025-10-21 23:00:00+00:00,49,-0.13737968391177235,-0.09140737678354793,0.2753824756606398,0,719
18,0.7,0.25,2025-06-24 00:00:00+00:00,2025-09-22 00:00:00+00:00,2025-10-21 23:00:00+00:00,49,-0.10731557106966771,-0.09140737678354793,0.25312934631432543,0,719
18,0.75,0.45,2025-06-24 00:00:00+00:00,2025-09-22 00:00:00+00:00,2025-10-21 23:00:00+00:00,49,-0.8453689408001125,-0.11443735272376543,0.2545201668984701,0,719
18,0.75,0.4,2025-06-24 00:00:00+00:00,2025-09-22 00:00:00+00:00,2025-10-21 23:00:00+00:00,49,-0.8769049905680896,-0.11580842188904439,0.23783031988873435,0,719
18,0.75,0.35,2025-06-24 00:00:00+00:00,2025-09-22 00:00:00+00:00,2025-10-21 23:00:00+00:00,49,-0.6067380845377044,-0.09211899801837509,0.2141863699582754,0,719
18,0.75,0.3,2025-06-24 00:00:00+00:00,2025-09-22 00:00:00+00:00,2025-10-21 23:00:00+00:00,49,-0.3347336079926808,-0.07512762848885823,0.18497913769123783,0,719
18,0.75,0.25,2025-06-24 00:00:00+00:00,2025-09-22 00:00:00+00:00,2025-10-21 23:00:00+00:00,49,-0.3053196029455785,-0.07428672967019223,0.1627260083449235,0,719
19,0.55,0.45,2025-07-24 00:00:00+00:00,2025-10-22 00:00:00+00:00,2025-11-20 23:00:00+00:00,49,-0.8082670071863896,-0.20944369239037264,0.4610027855153203,9,718
19,0.55,0.4,2025-07-24 00:00:00+00:00,2025-10-22 00:00:00+00:00,2025-11-20 23:00:00+00:00,49,-0.9466837672840888,-0.21864951598348004,0.4456824512534819,3,718
19,0.55,0.35,2025-07-24 00:00:00+00:00,2025-10-22 00:00:00+00:00,2025-11-20 23:00:00+00:00,49,-0.926497941825854,-0.2134522551461674,0.4415041782729805,2,718
19,0.55,0.3,2025-07-24 00:00:00+00:00,2025-10-22 00:00:00+00:00,2025-11-20 23:00:00+00:00,49,-1.0342659236283254,-0.22064443526084565,0.435933147632312,0,718
19,0.55,0.25,2025-07-24 00:00:00+00:00,2025-10-22 00:00:00+00:00,2025-11-20 23:00:00+00:00,49,-1.0260238212583845,-0.22064443526084565,0.43454038997214484,0,718
19,0.6,0.45,2025-07-24 00:00:00+00:00,2025-10-22 00:00:00+00:00,2025-11-20 23:00:00+00:00,49,-1.1899474561513164,-0.23465047487455304,0.42479108635097496,5,718
19,0.6,0.4,2025-07-24 00:00:00+00:00,2025-10-22 00:00:00+00:00,2025-11-20 23:00:00+00:00,49,-1.3572738691120503,-0.24385629846766044,0.40947075208913647,2,718
19,0.6,0.35,2025-07-24 00:00:00+00:00,2025-10-22 00:00:00+00:00,2025-11-20 23:00:00+00:00,49,-1.3369459474838716,-0.2386590376303478,0.4052924791086351,1,718
19,0.6,0.3,2025-07-24 00:00:00+00:00,2025-10-22 00:00:00+00:00,2025-11-20 23:00:00+00:00,49,-1.4572954007710075,-0.245608331539649,0.3997214484679666,0,718
19,0.6,0.25,2025-07-24 00:00:00+00:00,2025-10-22 00:00:00+00:00,2025-11-20 23:00:00+00:00,49,-1.4488471509411776,-0.245608331539649,0.3983286908077994,0,718
19,0.65,0.45,2025-07-24 00:00:00+00:00,2025-10-22 00:00:00+00:00,2025-11-20 23:00:00+00:00,49,-0.8427573961915842,-0.19674829869133448,0.3746518105849582,3,718
19,0.65,0.4,2025-07-24 00:00:00+00:00,2025-10-22 00:00:00+00:00,2025-11-20 23:00:00+00:00,49,-1.0236609850100464,-0.19995766383843994,0.3593314763231198,1,718
19,0.65,0.35,2025-07-24 00:00:00+00:00,2025-10-22 00:00:00+00:00,2025-11-20 23:00:00+00:00,49,-1.008600812468705,-0.20067852028616928,0.3551532033426184,1,718
19,0.65,0.3,2025-07-24 00:00:00+00:00,2025-10-22 00:00:00+00:00,2025-11-20 23:00:00+00:00,49,-1.1349009936661538,-0.20067852028616928,0.34958217270194986,0,718
19,0.65,0.25,2025-07-24 00:00:00+00:00,2025-10-22 00:00:00+00:00,2025-11-20 23:00:00+00:00,49,-1.1258848429816495,-0.20067852028616928,0.34818941504178275,0,718
19,0.7,0.45,2025-07-24 00:00:00+00:00,2025-10-22 00:00:00+00:00,2025-11-20 23:00:00+00:00,49,-1.2126307317008191,-0.21089766607921445,0.31058495821727017,1,718
19,0.7,0.4,2025-07-24 00:00:00+00:00,2025-10-22 00:00:00+00:00,2025-11-20 23:00:00+00:00,49,-1.4329589034456738,-0.2141070312263199,0.29526462395543174,1,718
19,0.7,0.35,2025-07-24 00:00:00+00:00,2025-10-22 00:00:00+00:00,2025-11-20 23:00:00+00:00,49,-1.4173746839465287,-0.21482788767404926,0.29108635097493035,1,718
19,0.7,0.3,2025-07-24 00:00:00+00:00,2025-10-22 00:00:00+00:00,2025-11-20 23:00:00+00:00,49,-1.5594046684381078,-0.21482788767404926,0.28551532033426186,0,718
19,0.7,0.25,2025-07-24 00:00:00+00:00,2025-10-22 00:00:00+00:00,2025-11-20 23:00:00+00:00,49,-1.5496515200628176,-0.21482788767404926,0.2841225626740947,0,718
19,0.75,0.45,2025-07-24 00:00:00+00:00,2025-10-22 00:00:00+00:00,2025-11-20 23:00:00+00:00,49,-0.7467628274326096,-0.1005726059601999,0.20473537604456823,0,718
19,0.75,0.4,2025-07-24 00:00:00+00:00,2025-10-22 00:00:00+00:00,2025-11-20 23:00:00+00:00,49,-1.0335426847338283,-0.10378197110730536,0.1894150417827298,0,718
19,0.75,0.35,2025-07-24 00:00:00+00:00,2025-10-22 00:00:00+00:00,2025-11-20 23:00:00+00:00,49,-1.012783257869838,-0.1045028275550347,0.18523676880222842,0,718
19,0.75,0.3,2025-07-24 00:00:00+00:00,2025-10-22 00:00:00+00:00,2025-11-20 23:00:00+00:00,49,-1.2106536474024199,-0.11138581466600095,0.1796657381615599,0,718
19,0.75,0.25,2025-07-24 00:00:00+00:00,2025-10-22 00:00:00+00:00,2025-11-20 23:00:00+00:00,49,-1.1977505620453635,-0.11138581466600095,0.17827298050139276,0,718
20,0.55,0.45,2025-08-23 00:00:00+00:00,2025-11-21 00:00:00+00:00,2025-12-20 23:00:00+00:00,49,1.9708751443526453,-0.07324900366819653,0.3016759776536313,21,716
20,0.55,0.4,2025-08-23 00:00:00+00:00,2025-11-21 00:00:00+00:00,2025-12-20 23:00:00+00:00,49,2.3079015211633362,-0.052124985763118525,0.22206703910614525,11,716
20,0.55,0.35,2025-08-23 00:00:00+00:00,2025-11-21 00:00:00+00:00,2025-12-20 23:00:00+00:00,49,2.166317059209113,-0.05095482045685085,0.17597765363128492,2,716
20,0.55,0.3,2025-08-23 00:00:00+00:00,2025-11-21 00:00:00+00:00,2025-12-20 23:00:00+00:00,49,2.3725589607440236,-0.05095482045685085,0.15921787709497207,1,716
20,0.55,0.25,2025-08-23 00:00:00+00:00,2025-11-21 00:00:00+00:00,2025-12-20 23:00:00+00:00,49,2.101322870318058,-0.05665533040770154,0.14106145251396648,0,716
20,0.6,0.45,2025-08-23 00:00:00+00:00,2025-11-21 00:00:00+00:00,2025-12-20 23:00:00+00:00,49,1.5499759282654328,-0.08140022021489168,0.22486033519553073,8,716
20,0.6,0.4,2025-08-23 00:00:00+00:00,2025-11-21 00:00:00+00:00,2025-12-20 23:00:00+00:00,49,1.9181093825511697,-0.04350172489258031,0.1452513966480447,4,716
20,0.6,0.35,2025-08-23 00:00:00+00:00,2025-11-21 00:00:00+00:00,2025-12-20 23:00:00+00:00,49,1.6769280034291143,-0.038744537235112175,0.09916201117318436,1,716
20,0.6,0.3,2025-08-23 00:00:00+00:00,2025-11-21 00:00:00+00:00,2025-12-20 23:00:00+00:00,49,2.033323639822208,-0.01991767947126677,0.0824022346368715,1,716
20,0.6,0.25,2025-08-23 00:00:00+00:00,2025-11-21 00:00:00+00:00,2025-12-20 23:00:00+00:00,49,1.6596314569932646,-0.023655864457658327,0.06424581005586592,0,716
20,0.65,0.45,2025-08-23 00:00:00+00:00,2025-11-21 00:00:00+00:00,2025-12-20 23:00:00+00:00,49,1.2398795044552298,-0.07402978439180719,0.18994413407821228,4,716
20,0.65,0.4,2025-08-23 00:00:00+00:00,2025-11-21 00:00:00+00:00,2025-12-20 23:00:00+00:00,49,1.5110524553203102,-0.04304090034631236,0.11033519553072625,2,716
20,0.65,0.35,2025-08-23 00:00:00+00:00,2025-11-21 00:00:00+00:00,2025-12-20 23:00:00+00:00,49,1.1606207311116479,-0.03828371268884423,0.06424581005586592,0,716
20,0.65,0.3,2025-08-23 00:00:00+00:00,2025-11-21 00:00:00+00:00,2025-12-20 23:00:00+00:00,49,1.5067302833596155,-0.018241005986821657,0.04748603351955307,0,716
20,0.65,0.25,2025-08-23 00:00:00+00:00,2025-11-21 00:00:00+00:00,2025-12-20 23:00:00+00:00,49,0.968821537190714,-0.018241005986821657,0.029329608938547486,0,716
20,0.7,0.45,2025-08-23 00:00:00+00:00,2025-11-21 00:00:00+00:00,2025-12-20 23:00:00+00:00,49,0.9023048266745947,-0.0860077504908251,0.17458100558659218,1,716
20,0.7,0.4,2025-08-23 00:00:00+00:00,2025-11-21 00:00:00+00:00,2025-12-20 23:00:00+00:00,49,1.0361112384708093,-0.04824841154839965,0.09497206703910614,0,716
20,0.7,0.35,2025-08-23 00:00:00+00:00,2025-11-21 00:00:00+00:00,2025-12-20 23:00:00+00:00,49,0.5091952526896343,-0.04349122389093152,0.04888268156424581,0,716
20,0.7,0.3,2025-08-23 00:00:00+00:00,2025-11-21 00:00:00+00:00,2025-12-20 23:00:00+00:00,49,0.7454923888386072,-0.02441846640634293,0.03212290502793296,0,716
20,0.7,0.25,2025-08-23 00:00:00+00:00,2025-11-21 00:00:00+00:00,2025-12-20 23:00:00+00:00,49,-0.07491965892289587,-0.02809700133950499,0.013966480446927373,0,716
20,0.75,0.45,2025-08-23 00:00:00+00:00,2025-11-21 00:00:00+00:00,2025-12-20 23:00:00+00:00,49,0.6939311998909165,-0.0860077504908251,0.16899441340782123,0,716
20,0.75,0.4,2025-08-23 00:00:00+00:00,2025-11-21 00:00:00+00:00,2025-12-20 23:00:00+00:00,49,0.728565125521232,-0.04824841154839965,0.0893854748603352,0,716
20,0.75,0.35,2025-08-23 00:00:00+00:00,2025-11-21 00:00:00+00:00,2025-12-20 23:00:00+00:00,49,0.09528521807490001,-0.04349122389093152,0.04329608938547486,0,716
20,0.75,0.3,2025-08-23 00:00:00+00:00,2025-11-21 00:00:00+00:00,2025-12-20 23:00:00+00:00,49,0.23836064932340847,-0.02441846640634293,0.02653631284916201,0,716
20,0.75,0.25,2025-08-23 00:00:00+00:00,2025-11-21 00:00:00+00:00,2025-12-20 23:00:00+00:00,49,-0.8547291459061344,-0.02809700133950499,0.008379888268156424,0,716
21,0.55,0.45,2025-09-22 00:00:00+00:00,2025-12-21 00:00:00+00:00,2026-01-19 23:00:00+00:00,49,2.527059520934935,-0.020636568693030655,0.3579387186629526,16,718
21,0.55,0.4,2025-09-22 00:00:00+00:00,2025-12-21 00:00:00+00:00,2026-01-19 23:00:00+00:00,49,2.1237057432969744,-0.02354873874652441,0.3022284122562674,5,718
21,0.55,0.35,2025-09-22 00:00:00+00:00,2025-12-21 00:00:00+00:00,2026-01-19 23:00:00+00:00,49,2.160493009947254,-0.023870426623543217,0.2646239554317549,2,718
21,0.55,0.3,2025-09-22 00:00:00+00:00,2025-12-21 00:00:00+00:00,2026-01-19 23:00:00+00:00,49,2.1986919416342365,-0.019922226393026654,0.25348189415041783,0,718
21,0.55,0.25,2025-09-22 00:00:00+00:00,2025-12-21 00:00:00+00:00,2026-01-19 23:00:00+00:00,49,2.013502536358815,-0.021508006099395405,0.2479108635097493,0,718
21,0.6,0.45,2025-09-22 00:00:00+00:00,2025-12-21 00:00:00+00:00,2026-01-19 23:00:00+00:00,49,2.3810877276639526,-0.0212108092032246,0.2479108635097493,8,718
21,0.6,0.4,2025-09-22 00:00:00+00:00,2025-12-21 00:00:00+00:00,2026-01-19 23:00:00+00:00,49,1.8417079481588496,-0.023290041912859438,0.19220055710306408,2,718
21,0.6,0.35,2025-09-22 00:00:00+00:00,2025-12-21 00:00:00+00:00,2026-01-19 23:00:00+00:00,49,1.862108449715149,-0.029621373544697405,0.15459610027855153,1,718
21,0.6,0.3,2025-09-22 00:00:00+00:00,2025-12-21 00:00:00+00:00,2026-01-19 23:00:00+00:00,49,1.897857247865311,-0.03069744842088873,0.14345403899721448,0,718
21,0.6,0.25,2025-09-22 00:00:00+00:00,2025-12-21 00:00:00+00:00,2026-01-19 23:00:00+00:00,49,1.6637305410063532,-0.03069744842088873,0.13788300835654596,0,718
21,0.65,0.45,2025-09-22 00:00:00+00:00,2025-12-21 00:00:00+00:00,2026-01-19 23:00:00+00:00,49,2.6574905099955024,-0.019829489630420638,0.181058495821727,4,718
21,0.65,0.4,2025-09-22 00:00:00+00:00,2025-12-21 00:00:00+00:00,2026-01-19 23:00:00+00:00,49,2.0885317231964966,-0.023290041912859438,0.12534818941504178,1,718
21,0.65,0.35,2025-09-22 00:00:00+00:00,2025-12-21 00:00:00+00:00,2026-01-19 23:00:00+00:00,49,2.1623961382009407,-0.025301563958521234,0.08774373259052924,0,718
21,0.65,0.3,2025-09-22 00:00:00+00:00,2025-12-21 00:00:00+00:00,2026-01-19 23:00:00+00:00,49,2.210094576030939,-0.02133367357562954,0.0766016713091922,0,718
21,0.65,0.25,2025-09-22 00:00:00+00:00,2025-12-21 00:00:00+00:00,2026-01-19 23:00:00+00:00,49,1.960417039112709,-0.02133367357562954,0.07103064066852367,0,718
21,0.7,0.45,2025-09-22 00:00:00+00:00,2025-12-21 00:00:00+00:00,2026-01-19 23:00:00+00:00,49,2.4571433846778152,-0.01572877656239957,0.13509749303621169,0,718
21,0.7,0.4,2025-09-22 00:00:00+00:00,2025-12-21 00:00:00+00:00,2026-01-19 23:00:00+00:00,49,1.739184762309396,-0.015867363147155644,0.07938718662952646,0,718
21,0.7,0.35,2025-09-22 00:00:00+00:00,2025-12-21 00:00:00+00:00,2026-01-19 23:00:00+00:00,49,1.8886114774384364,-0.01055089075864546,0.04178272980501393,0,718
21,0.7,0.3,2025-09-22 00:00:00+00:00,2025-12-21 00:00:00+00:00,2026-01-19 23:00:00+00:00,49,2.0339941043943828,-0.008326950218121909,0.03064066852367688,0,718
21,0.7,0.25,2025-09-22 00:00:00+00:00,2025-12-21 00:00:00+00:00,2026-01-19 23:00:00+00:00,49,1.7245403787734799,-0.0086277640601371,0.025069637883008356,0,718
21,0.75,0.45,2025-09-22 00:00:00+00:00,2025-12-21 00:00:00+00:00,2026-01-19 23:00:00+00:00,49,2.289487250837337,-0.013303924140282364,0.11977715877437325,0,718
21,0.75,0.4,2025-09-22 00:00:00+00:00,2025-12-21 00:00:00+00:00,2026-01-19 23:00:00+00:00,49,1.4962499660311803,-0.01198143962863929,0.06406685236768803,0,718
21,0.75,0.35,2025-09-22 00:00:00+00:00,2025-12-21 00:00:00+00:00,2026-01-19 23:00:00+00:00,49,1.6735286029723697,-0.005589429794391587,0.026462395543175487,0,718
21,0.75,0.3,2025-09-22 00:00:00+00:00,2025-12-21 00:00:00+00:00,2026-01-19 23:00:00+00:00,49,1.8856332346097489,-0.0014741909015827392,0.01532033426183844,0,718
21,0.75,0.25,2025-09-22 00:00:00+00:00,2025-12-21 00:00:00+00:00,2026-01-19 23:00:00+00:00,49,1.5918403327223005,-0.0012374279196514237,0.009749303621169917,0,718
